,ROUTE_SHORT_NAME,DIR,LOG_RIDERS_09,EDD_EMP_LOG_09,STOP_ID,AVG_RIDE_09,FREQ_S_LOG_09,EOL_SOL_09,HOUSING_09_DEN_LOG,MUNI_BUS_AVG_09,AVG_BART_LOG_09,CLOSE_STOP_09,J_09,LOG_RIDERS_16,EDD_EMP_LOG_16,AVG_RIDE_16,FREQ_S_LOG_16,EOL_SOL_16,HOUSING_16_DEN_LOG,MUNI_BUS_AVG_16,AVG_BART_LOG_16,CLOSE_STOP_16,J_16
0,J,1,4.564348191467836,7.089243155027513,3537,95.0,1.5341898912723515,0.0,7.804466294841664,6150.24466050023,0.0,1,1,5.171619713502079,7.501082124259871,175.20000000000005,1.5374753925332136,0.0,7.810160553813927,5998.432593477329,0.0,1,1
1,J,0,4.7535901911063645,7.0825485693553,3538,115.0,1.802634309640394,0.0,7.788445226317595,5819.619249845507,0.0,1,1,4.617098756853365,7.442492722794441,100.20000000000002,1.8440410819002124,0.0,7.794231409673317,6027.654484533003,0.0,1,1
2,J,0,5.556828061699537,8.0323601479245,3984,258.0,1.7950950317975247,0.0,8.188915327779288,2719.199379768098,0.0,1,1,5.838021949864403,8.369157112588834,342.1,1.8456462617540397,0.0,8.237437308516744,2223.5862269957197,0.0,1,1
3,J,1,5.391352232515227,8.000014093678073,3985,218.5,1.5464591100431464,0.0,8.181901347478329,2817.8258265111326,0.0,1,1,5.766444235780913,8.393894975071744,318.4000000000001,1.5370990568417926,0.0,8.22515802850489,2312.494071340157,0.0,1,1
4,J,0,5.749392985908253,7.532623618788787,3987,313.0,1.795164511331969,0.0,7.961076797592306,1070.9901546591589,0.0,1,1,6.0622724371184935,8.049107721326406,428.35,1.8455260007890502,0.0,7.968208931733239,1027.1777225750184,0.0,1,1
5,J,1,4.836281906951479,6.741700694652054,3994,125.0,1.5467072869046146,0.0,7.898282928807133,382.4469798187132,0.0,1,1,5.305044687297463,7.4815557019095165,200.35,1.537323140460136,0.0,7.901599501115867,296.2645848564887,0.0,1,1
6,J,0,6.229496710915942,6.959398512133975,3995,506.5,1.7954063253734187,0.0,7.959845635016492,644.1872240593116,0.0,1,1,6.209897018692073,7.574045005372199,496.6499999999999,1.8451586599110887,0.0,7.962580311695137,532.7415785265813,0.0,1,1
7,J,1,6.019809020117124,6.926577033222724,3996,410.5,1.5487311254748115,0.0,7.96690978824714,574.280654677508,0.0,1,1,6.098748212327656,7.583247524303363,444.29999999999984,1.5373950328020498,0.0,7.969555946961488,467.8825676646468,0.0,1,1
8,J,0,5.2574953720277815,6.548219102762372,3997,191.0,1.7954063253734187,0.0,7.890726535592258,50.158811375169115,0.0,1,1,5.216022123821206,7.613818684808629,183.2,1.8446280131568644,0.0,7.895548268273003,53.50865415768921,0.0,1,1
9,J,1,5.156177599386914,6.53524127101366,3998,172.5,1.5469841357213654,0.0,7.892310502130644,18.97509070621589,0.0,1,1,5.448460024977757,7.650168700845001,231.40000000000006,1.5373823453369435,0.0,7.897395944136906,19.23883818418689,0.0,1,1
10,J,1,5.105945473900579,6.966024187106112,3999,164.0,1.5471240650026732,0.0,7.832806895511313,443.73802177624987,0.0,1,1,5.260096153727839,7.400620577371135,191.5,1.5373865744642996,0.0,7.840985588452399,426.2221398979499,0.0,1,1
11,J,1,5.249652194566756,6.9735430195201396,4000,189.5,1.5491310002495629,0.0,7.774087638212961,4105.674632562022,0.0,1,1,5.2793893566625165,7.358193752733032,195.25,1.5373950328020498,0.0,7.781259263923108,5874.990514856658,0.0,1,1
12,J,0,4.7318028369214575,6.843749949006225,4002,112.5,1.7954063253734187,0.0,7.941995249203563,440.2538671740108,0.0,1,1,5.019595035467728,7.389563953677635,150.35000000000005,1.8448882820377248,0.0,7.945623058405089,345.73581071525183,0.0,1,1
13,J,1,4.6443908991413725,6.8134445995108965,4003,103.0,1.546884204703961,0.0,7.942373264740324,425.88446026161614,0.0,1,1,5.128121989551922,7.37650812632622,167.70000000000005,1.537382345336943,0.0,7.946463613603556,342.53754287992297,0.0,1,1
14,J,0,5.9776191402859284,6.956545443151568,4004,393.5,1.7954063253734187,0.0,7.8001005015803715,1896.3119044074133,0.0,1,1,5.635325174011292,7.375255778009754,279.15,1.8441577634394224,0.0,7.808535188111858,2159.9056257287616,0.0,1,1
15,J,1,6.243195555274104,7.722234744709607,4006,513.5,1.5463495006725525,0.3333333333333333,8.232645772692338,4634.819080155143,0.0,1,1,6.278990357351461,8.435549202375729,532.2500000000001,1.5369722514955635,1.0,8.317794690301707,3196.063245043263,0.0,1,1
16,J,1,4.241326752570746,7.237059026124737,4787,68.5,1.5345151509013837,0.0,7.235128189131154,3208.840437337788,8.637462023807181,0,1,4.74449725120919,7.232010331664759,113.95,1.5378912476071815,0.0,7.233484436879821,2886.7757482280626,8.636752426473876,0,1
17,J,0,4.418840607796597,7.336936913707618,4788,82.0,1.8021222562636012,0.0,7.224898236109209,2845.4050408854896,8.637462023807181,0,1,4.566948973167893,7.241366283322318,95.25,1.8433180741584032,0.0,7.222464890355482,2728.750347793325,8.636752426473876,0,1
18,J,1,6.557488331338736,10.425757440186377,5417,703.5,1.8811874126401964,0.0,8.376506360548477,25941.25749781112,8.460305329209191,1,1,6.6343705112311815,10.806713308080845,759.8000000000002,1.8463515560135948,0.0,8.418080085440991,25262.162192479365,8.755264763314685,1,1
19,J,1,6.3473892096560105,10.560152267518658,5419,570.0,1.8312087451901369,0.3333333333333333,7.937188096794871,12085.86851230609,0.0,0,1,6.5415349221998715,10.39314061106932,692.3500000000001,1.8463515560135948,0.0,8.392280898257,11024.918334354255,0.0,0,1
20,J,1,6.278521424165843,10.698943095669854,5727,532.0,1.8809636468975928,0.0,8.288463328533853,12165.038695290368,8.848222068371385,1,1,6.310190968315921,10.598333289731654,549.1499999999999,1.8463515560135948,0.0,8.66136505209226,10510.805778345368,8.752107198329362,1,1
21,J,1,6.4622491213367885,11.38685190771486,5731,639.5,1.8813622770079648,0.0,7.360737023147412,24813.33173644273,9.35686202463895,1,1,6.754254387996376,11.868268522341692,856.6999999999998,1.8463515560135948,0.0,7.348584615805348,26407.744294140542,9.091950902475961,1,1
22,J,1,5.739792912179233,7.3969486026210145,6213,310.0,1.5465441827503057,0.0,7.953523663251286,1115.0707844463718,0.0,1,1,6.368787349269866,7.951559331155252,582.3499999999998,1.5371751519974517,0.0,7.959788005389762,1053.2616475803388,0.0,1,1
23,J,0,5.017279836814924,6.759255270663693,6214,150.0,1.7952376138256931,0.0,7.805337417569147,379.88273716414994,0.0,1,1,5.307029307150059,7.515889085215125,200.75,1.8454057597089213,0.0,7.809914365311379,336.51513912244496,0.0,1,1
24,J,1,4.9163246146250135,6.701960366002541,6215,135.5,1.546616443547788,0.0,7.810798056940169,294.7674137212418,0.0,1,1,5.4167668467475805,7.518607216815253,224.15000000000003,1.5372385714739385,0.0,7.815328989731044,274.3819813694569,0.0,1,1
25,J,0,4.400603020246816,6.779921907472253,6216,80.5,1.7952860923273437,0.0,7.868097131366298,0.0,0.0,1,1,4.57522630961502,7.301147805856032,96.05,1.8453389676989385,0.0,7.869672469310192,0.0,0.0,1,1
26,J,1,4.143134726391533,6.821107472256465,6217,62.0,1.5466621166396897,0.0,7.883553261322192,0.0,0.0,1,1,4.320151230955794,7.317212408359839,74.20000000000002,1.5372808545834489,0.0,7.885132942204421,0.0,0.0,1,1
27,J,0,4.68213122712422,6.744059186311348,6218,107.0,1.7953281227202242,0.0,7.89088950276263,357.6991397538336,0.0,1,1,4.979488565099419,7.489412083508719,144.4,1.8452588253844355,0.0,7.903914911060418,342.53754287992297,0.0,1,1
28,J,0,3.9982007016691994,7.0048819897128585,6221,53.5,1.7952689876420895,0.0,7.860085117909036,0.0,0.0,1,1,4.4067192472642525,7.678326356506885,81.0,1.845359004657764,0.0,7.862844302412492,0.0,0.0,1,1
29,J,1,3.49650756146648,7.085064293952548,6222,32.0,1.5466481552577742,0.0,7.873024466199702,0.0,0.0,1,1,3.921973336281314,7.692569648067906,49.49999999999999,1.5372681693600565,0.0,7.875448170152378,0.0,0.0,1,1
30,J,0,4.483002552013883,5.891644211825772,6274,87.5,1.801662723782797,0.0,6.374307283076075,6639.069282541431,9.371608519572305,1,1,4.96109484853612,6.715383386334682,141.75,1.8426257274771145,0.0,6.3990874016260575,5715.356894791949,9.229603638157027,1,1
31,J,1,4.74493212836325,5.857933154483459,6275,114.0,1.5348322812924906,0.0,6.400975716936319,6781.126337499452,9.371608519572305,1,1,5.196284640982885,6.677083461247137,179.59999999999994,1.538303135267565,0.0,6.424776291589968,5863.935899261605,9.229603638157027,1,1
32,J,1,4.584967478670572,6.806829360392176,6277,97.0,1.53426644526483,0.0,7.661139200872798,5960.578698053,0.0,0,1,4.7561730595246186,7.266827347520591,115.3,1.5375720791382823,0.0,7.662681153619063,6543.394860849896,0.0,0,1
33,J,0,4.7833163713715665,6.618738983517219,6280,118.5,1.8024997346973035,0.0,7.643390090492193,5511.72949742433,0.0,1,1,4.74406218485471,7.057036981697892,113.9,1.8438577630316657,0.0,7.644174244936602,7112.504507143579,0.0,1,1
34,J,1,4.736198448394496,5.802118375377063,6284,113.0,1.5346683451753813,0.0,7.21999887208932,262.3715643170109,0.0,1,1,4.945207488773801,6.3935907539506305,139.5,1.538084759780699,0.0,7.218214034499113,92.44434222549631,0.0,1,1
35,J,0,4.4942386252808095,5.799092654460527,6285,88.5,1.801911517023392,0.0,7.218604717857048,262.3715643170109,0.0,1,1,4.757032535297338,6.3818160174060985,115.4,1.843005105012561,0.0,7.216879059600383,92.44434222549631,0.0,1,1
36,J,0,4.151039905898647,5.786897381366707,6287,62.5,1.8017830968249784,0.0,6.947783979149714,516.3048329258564,0.0,1,1,4.3154861108656375,6.368187186350492,73.85000000000002,1.8428054079325933,0.0,6.961214550595442,1307.8991635506245,0.0,1,1
37,J,1,4.620058798481842,5.758901773877279,6288,100.5,1.5347642677083932,0.0,6.92607185653458,597.1924190560857,0.0,1,1,4.752727750345707,6.395261598115449,114.9,1.5382008948995816,0.0,6.939792732372459,1440.5607300698928,0.0,1,1
38,J,0,6.2832008898878025,11.397985882865408,6994,534.5,1.82427679346552,0.0,7.364187403398683,24771.346235541547,9.35686202463895,1,1,6.3907438961290595,11.878332175832407,595.3,1.8431440377969104,0.0,7.352077108713522,26248.488437054628,9.091950902475961,1,1
39,J,0,6.601230118728878,10.425787098375746,6995,735.0,1.8242852295226395,0.0,8.393864900968879,27001.717598346342,8.460305329209191,1,1,6.781114378014738,10.810354015162444,880.05,1.8431440377969104,0.0,8.433190102568105,25154.69091856576,8.755264763314685,1,1
40,J,0,6.227524323688737,10.55448373083613,6996,505.5,1.8183367260251395,0.3333333333333333,7.943951808063371,12664.92117508297,0.0,1,1,6.60435024606512,10.408103938824377,737.3000000000003,1.8431440377969104,0.0,8.394494133487155,11149.093840439129,0.0,1,1
41,J,0,6.1769062312381795,10.698107702026707,6997,480.5,1.824296027819556,0.0,8.294650794100933,12011.157712516133,8.848222068371385,1,1,6.258912023978716,10.556749799397158,521.65,1.8431440377969097,0.0,8.667632843601238,10321.408035032318,8.752107198329362,1,1
42,J,1,5.823045895483018,7.954723334497907,7073,337.0,1.5463909709817822,0.0,8.280091684673586,3320.4279370243185,0.0,1,1,6.125995440065588,8.3030093814735,456.60000000000014,1.5370271974232042,0.0,8.362074290827097,2667.468232534181,0.0,1,1
43,J,0,6.48768401848461,11.368096205402036,7217,656.0,1.8183035674429584,1.0,6.351242310045481,17860.547076489016,9.09829086816756,1,1,6.345548637682787,11.690343351735835,568.9499999999998,1.8431440377969104,1.0,6.840724876727838,14545.408060815298,9.033662857567313,1,1
44,J,0,6.6450909695056435,7.946617563244473,7316,768.0,1.7950236048832666,0.3333333333333333,8.306195901127047,3041.525370468972,0.0,1,1,6.738389433348398,8.564649132572534,843.2,1.8457732254627803,0.0,8.379469583749765,2409.9871675889763,0.0,1,1
45,KT,1,5.003946305945459,8.523175263093785,4506,148.0,1.5864687610407604,0.0,8.004161100069203,1.2145833333333331,0.0,0,0,5.509995439752967,8.923857580099885,246.15,1.6141070514999492,0.0,8.134866991504182,0.4004788784200549,0.0,0,0
46,KT,1,5.715381610499552,9.75979037727894,4509,302.5,1.5866163871760306,0.0,7.132596180353955,904.3239178938223,0.0,0,0,6.459591416340857,9.954275719368232,637.8,1.6144459097764248,0.0,7.679922510094662,2609.411056114809,0.0,0,0
47,KT,0,5.535363823031238,9.781941194456634,4510,252.5,1.679740791449929,0.0,7.0588853745704325,934.981556028627,0.0,1,0,6.540091608100723,9.99337395933065,691.3499999999998,1.6321741914953407,0.0,7.615412797385428,3496.5112534549044,0.0,0,0
48,KT,1,5.865050622252324,9.363147292219939,5234,351.5,1.5863211679066562,0.0,7.713732858458064,628.4825638561364,0.0,1,0,6.5898201633593345,9.844639476726922,726.65,1.6138550854579878,0.0,7.760436982792813,578.7295473690788,0.0,1,0
49,KT,0,5.627621113690636,9.353314540927288,5237,277.0,1.679740791449929,0.0,7.697901657452481,628.4825638561364,0.0,1,0,6.327043527751981,9.8230364281385,558.5,1.633161444564346,0.0,7.745314001695205,578.7295473690788,0.0,1,0
50,KT,1,7.073269717459709,10.425757440186377,5417,1179.0,1.2535506069729914,0.0,8.376506360548477,25941.25749781112,8.460305329209191,0,0,7.315949991661168,10.806713308080845,1503.1000000000006,1.5382111281953057,0.0,8.418080085440991,25262.162192479365,8.755264763314685,0,0
51,KT,0,6.323462503334273,5.857933154483459,5418,556.5,1.9935732280684093,1.0,6.812735461278031,7886.652105690735,9.371608519572305,1,0,5.81158999395708,7.72312009226633,333.15,1.906332433993684,1.0,6.5390203723399125,5594.739652148946,9.229603638157027,1,0
52,KT,1,6.666320457695676,10.560152267518658,5419,784.5,1.2534167906319689,0.0,7.937188096794871,12085.86851230609,0.0,0,0,6.957735211287157,10.39314061106932,1050.2499999999998,1.5378011127921836,0.0,8.392280898257,11024.918334354255,0.0,0,0
53,KT,1,6.26625133157403,7.930925372483388,5726,525.5,1.2533263651020046,0.0,8.24575120385275,3325.3659944123783,0.0,0,0,6.216905457470875,8.296297112642508,500.15,1.5375479978672235,0.0,8.310184720323205,2676.7799253199373,0.0,0,0
54,KT,1,6.659293919683638,10.698943095669854,5727,779.0,1.2534221428593053,0.0,8.288463328533853,12165.038695290368,8.848222068371385,0,0,6.963804744833159,10.598333289731654,1056.65,1.537953833230555,0.0,8.66136505209226,10510.805778345368,8.752107198329362,1,0
55,KT,1,6.6359465556866475,7.840312983320164,5728,761.0,1.2533561223091698,0.0,7.961190322854363,3379.4157198342605,0.0,0,0,6.9207208613721605,8.13739583005665,1012.0500000000003,1.5373993892675104,0.0,7.972030964346508,3318.1802128202885,0.0,0,0
56,KT,1,5.865050622252324,5.638354669333745,5730,351.5,1.2533084259239342,0.0,6.012085485008972,2613.413971876782,0.0,0,0,6.3720391063710204,5.726847747587197,584.25,1.5371103028943296,0.0,6.015610277341198,2098.8166041697273,0.0,0,0
57,KT,1,7.052288429714436,11.38685190771486,5731,1154.5,1.2536495159381806,0.0,7.360737023147412,24813.33173644273,9.35686202463895,0,0,7.037905963447182,11.868268522341692,1138.0000000000002,1.5384122111704108,0.0,7.348584615805348,26407.744294140542,9.091950902475961,0,0
58,KT,1,4.832305758571839,5.676753802268282,5779,124.5,1.1158540120740152,0.0,6.558659785206686,6.0547194616229065,0.0,1,0,5.2007045376810375,6.212606095751518,180.40000000000003,1.542309551531275,0.0,6.557240994625688,9.662275965246033,0.0,1,0
59,KT,0,5.105945473900579,5.7745515455444085,5780,164.0,1.994160197358202,0.0,6.5192672153996645,1.1224203457732738,0.0,1,0,5.292047753534441,6.222576268071369,197.75,1.9059227160617915,0.0,6.517791377506349,6.039463732507963,0.0,1,0
60,KT,1,5.5816148406819925,7.709756864454165,5784,264.5,1.1158624224083185,0.0,6.697038208874493,4262.18287788616,0.0,0,0,5.051777237427431,7.7869670026148725,155.3,1.54128259841791,0.0,6.808408759963976,3125.4321108543736,0.0,1,0
61,KT,0,5.295814236329918,7.711101251840158,5785,198.5,1.993726908061148,0.0,6.5997238116556645,10202.0116849941,9.371608519572305,1,0,5.402902581738111,7.776954403322443,221.05,1.9062309589296391,0.0,6.693556584166019,3518.520313305611,9.229603638157027,1,0
62,KT,0,4.143134726391533,5.9532433342877855,5786,62.0,1.9941182559493933,0.0,6.6340140752634875,6.0547194616229065,0.0,1,0,4.473351611367243,6.369900982828227,86.65,1.905951974118176,0.0,6.632698335583968,9.662275965246033,0.0,1,0
63,KT,1,5.9939614273065684,6.461468176353718,5787,400.0,1.115861176424053,0.0,7.2035423600427775,12.009830260076404,0.0,1,0,6.114235124275406,6.597145701886651,451.25,1.541853626297539,0.0,7.2038697303463675,9.079242396199508,0.0,1,0
64,KT,1,5.344723739362191,6.1862086239004945,5788,208.5,1.1158589558053988,0.0,6.957221193827951,8.986259637933992,0.0,1,0,5.4289069362516384,6.5624440936937205,226.9,1.5420354834316403,0.0,6.9570182370209945,7.513145554999168,0.0,1,0
65,KT,0,5.988961416889863,6.45833828334479,5793,398.0,1.9939756724620783,0.0,7.182139992973944,12.009830260076404,0.0,1,0,6.1731609085080175,6.594413459749777,478.7000000000001,1.9060504847323472,0.0,7.1822780222661455,9.079242396199508,0.0,1,0
66,KT,1,6.131226489483142,7.77779262633883,5794,459.0,1.115862391988744,0.0,6.980789910238673,4284.361353731379,0.0,1,0,6.24436105657154,7.833600223661103,514.1,1.5414312869657918,0.0,7.123503826430084,3476.9053617058366,0.0,1,0
67,KT,0,6.375876246018313,7.782807262839695,5795,586.5,1.993807961408588,0.0,7.012953021269582,4340.609852321098,0.0,1,0,6.146222185555727,7.841492924460013,465.95,1.906172421942378,0.0,7.151473238140263,3550.8316376843727,0.0,1,0
68,KT,1,5.413875707182308,6.493753839851687,5797,223.5,1.115865143142428,0.0,7.232825832900734,955.8535497952057,0.0,0,0,5.669191029886582,7.8789129122971335,288.8,1.5416783724649181,0.0,7.312037399006284,1090.701642174471,0.0,1,0
69,KT,0,5.521460917862246,6.52649485957079,5798,249.0,1.9939085836013213,0.0,7.2580221417018675,955.8535497952057,0.0,1,0,5.729125282327996,6.967909201801884,306.7,1.9060885269887795,0.0,7.325107156078957,1090.701642174471,0.0,1,0
70,KT,1,4.23410650459726,6.326149473155099,5806,68.0,1.115857829073301,0.0,6.3657134929398715,32.4731706639637,0.0,1,0,5.027820118850356,6.680854678790215,151.6,1.5424531244331885,0.0,6.364774323305237,32.65177397941583,0.0,1,0
71,KT,0,4.310799125385514,6.39024066706535,5807,73.5,1.994227308424673,0.0,6.3210183066904975,31.84160274880013,0.0,1,0,4.881285622068407,6.674561391814426,130.8,1.9058759055739585,0.0,6.3206530158805805,32.23156206023293,0.0,1,0
72,KT,0,5.339939041238856,6.135564891081739,5808,207.5,1.9940511545070123,0.0,6.938456003123533,8.986259637933992,0.0,1,0,5.1579052128312926,6.553933404025811,172.8,1.905998789411008,0.0,6.9382340450704385,7.513145554999168,0.0,1,0
73,KT,1,4.297285406218791,5.976350909297934,5809,72.5,1.1158570904932537,0.0,6.668176856079468,6.010601814564082,0.0,1,0,4.650143551630823,6.3835066348840055,103.6,1.5422109633888332,0.0,6.666905334704943,9.576846793577367,0.0,1,0
74,KT,0,5.318119993844216,6.927557906278317,6503,203.0,1.994411894404592,0.0,6.5884396314991065,730.0522071559973,0.0,1,0,5.16877799519305,7.026426808699637,174.7,1.9057471919758118,0.0,6.595498791422273,531.8723682530193,0.0,1,0
75,KT,0,6.4746620037564995,7.0166096838942185,6739,647.5,1.5533999500225293,0.0,6.768167125907213,1290.3050035075182,0.0,0,0,6.885611914296447,7.253470382684528,977.1,1.8813126764450687,0.0,6.766582442793857,1068.5693737532097,0.0,0,0
76,KT,1,6.728030348035448,7.007600613951852,6740,834.5,1.2533561223091698,0.0,6.764676024711174,1290.3050035075182,0.0,1,0,6.810583367229864,7.253470382684528,906.4,1.53699791533791,0.0,6.765549746625147,1068.5693737532097,0.0,1,0
77,KT,1,4.820281565605037,7.1372784372603855,6898,123.0,1.1158489187305494,0.3333333333333333,6.798337657710888,218.6405606855991,0.0,0,0,5.200704537681036,7.313886831633463,180.4,1.5430957300810215,0.0,6.800848961020496,198.91396096042985,0.0,1,0
78,KT,0,6.665046572173088,7.8461988154974245,6991,783.5,1.5527450348797769,0.0,7.957215069250472,3379.4157198342605,0.0,0,0,6.694623937794652,8.137688184977605,807.0500000000002,1.8805444088713632,0.0,7.969151499412372,3318.1802128202885,0.0,1,0
79,KT,1,7.218176838403408,11.365839769265088,6992,1363.0,1.2869782697962755,1.0,6.320621290305805,17860.547076489016,9.09829086816756,0,0,7.6966443643215845,11.689832389062685,2199.9500000000007,1.6148178318552284,1.0,6.8228207942087105,14545.408060815298,9.033662857567313,0,0
80,KT,0,5.918893854273146,5.6594822157596205,6993,371.0,1.9418306760218955,0.0,6.075305123110213,2613.413971876782,0.0,0,0,6.108024613019407,5.71373280550937,448.45,1.8812973032261264,0.0,6.078269805956088,2098.8166041697273,0.0,0,0
81,KT,0,6.787281125514263,11.397985882865408,6994,885.5,1.5525075866854543,0.0,7.364187403398683,24771.346235541547,9.35686202463895,0,0,7.0992843165270045,11.878332175832407,1210.1,1.8804430087428428,0.0,7.352077108713522,26248.488437054628,9.091950902475961,1,0
82,KT,0,7.082128665926918,10.425787098375746,6995,1189.5,1.5524891390335551,0.0,8.393864900968879,27001.717598346342,8.460305329209191,0,0,7.3169799776314495,10.810354015162444,1504.65,1.8804820071375303,0.0,8.433190102568105,25154.69091856576,8.755264763314685,1,0
83,KT,0,6.4990348781533,10.55448373083613,6996,663.5,1.5524432740432013,0.0,7.943951808063371,12664.92117508297,0.0,1,0,6.8275208862715315,10.408103938824377,921.9,1.880544408871364,0.0,8.394494133487155,11149.093840439129,0.0,1,0
84,KT,0,6.682108597449808,10.698107702026707,6997,797.0,1.5524682051085026,0.0,8.294650794100933,12011.157712516133,8.848222068371385,0,0,6.889183893396702,10.556749799397158,980.6,1.8805288079414475,0.0,8.667632843601238,10321.408035032318,8.752107198329362,1,0
85,KT,0,6.341240749355558,7.944846711001996,6998,566.5,1.5526373023941809,0.0,8.243513012272313,3325.3659944123783,0.0,0,0,6.540163823302053,8.31238059678675,691.4,1.880544408871364,0.0,8.30832846351187,2676.7799253199373,0.0,0,0
86,KT,1,5.310739886546594,6.8977049431286375,7109,201.5,1.1158489187305494,0.0,6.59706430587649,752.9615746477443,0.0,0,0,5.525452939131784,7.041411663794809,250.0,1.5429029073530405,0.0,6.603994450035799,554.1879359548084,0.0,1,0
87,KT,1,5.384495062789089,7.181591944611865,7113,217.0,1.115857088059713,0.0,6.257415950715911,695.4943707958116,0.0,1,0,5.312220271717028,7.845024417241484,201.8,1.542665931519172,0.0,6.258116153029911,585.5472839776235,0.0,1,0
88,KT,0,5.3867860145356445,7.186901020411631,7114,217.5,1.9943028154552265,0.0,6.226161483453888,699.2920892341324,0.0,1,0,5.432411101028737,7.850882664809853,227.7,1.9058232473090568,0.0,6.226242858970026,595.0501377678601,0.0,1,0
89,KT,0,4.993828175779875,7.134093721192866,7125,146.5,1.994411894404592,0.0,6.807830691850525,224.04802972255857,0.0,1,0,5.197667958398107,7.307202314764737,179.85000000000005,1.9063480467751317,0.0,6.809943717911028,200.98313461672717,0.0,1,0
90,KT,0,5.020585624949423,8.55468163582723,7145,150.5,1.679740791449929,0.0,8.010735849513807,1.2145833333333331,0.0,1,0,5.459372725548826,8.885579291282983,233.95,1.6327124528360943,0.0,8.14621534799243,0.4004788784200549,0.0,1,0
91,KT,0,6.5799454154395765,9.252057965328053,7166,719.5,1.7198697001338077,0.0,7.827170486362612,5229.625197504975,0.0,1,0,6.855303418979712,9.631810054226065,947.9,1.4860766213354901,0.0,8.090667106815767,3015.1428328942243,0.0,1,0
92,KT,0,7.0728458988477305,11.368096205402036,7217,1178.5,1.558042462631544,1.0,6.351242310045481,17860.547076489016,9.09829086816756,0,0,7.482344123417947,11.690343351735835,1775.4,1.6265090493650918,1.0,6.840724876727838,14545.408060815298,9.033662857567313,0,0
93,KT,1,5.899897353582492,7.394493107219037,7342,364.0,1.8012321631671209,0.0,6.493831639362978,988.3302581077595,0.0,1,0,5.967299920108683,7.412160334945206,389.45,1.916347062926255,0.0,6.499064891437719,922.655706177821,0.0,1,0
94,KT,0,4.871373226762747,7.647308832356237,7343,129.5,1.7344613831755773,0.0,6.275062655385864,874.2845577917616,0.0,1,0,5.64119759946458,8.11552088154677,280.80000000000007,1.4938988805637858,0.0,6.484157518628229,535.7925072840494,0.0,1,0
95,KT,1,4.574710978503383,7.645875825184812,7344,96.0,1.8012321631671209,0.0,6.277369044037236,874.2845577917616,0.0,1,0,5.047288611744292,8.105911197986508,154.60000000000005,1.9163470629262551,0.0,6.486050011477896,535.7925072840494,0.0,1,0
96,KT,0,5.877735781779639,7.2991214627108,7345,356.0,1.7344613831755773,0.0,7.1561449850912595,359.22984160559054,0.0,1,0,6.01040896310892,7.776954403322443,406.65,1.4941312418521766,0.0,7.243795617334415,439.1190153858852,0.0,1,0
97,KT,1,5.8902620415988185,7.2991214627108,7346,360.5,1.8012321631671209,0.0,7.151352400526473,359.22984160559054,0.0,1,0,6.206475115192004,7.772331575169614,494.95,1.916347062926255,0.0,7.239377884575437,439.1190153858852,0.0,1,0
98,KT,0,6.042632833682381,7.398174092970465,7347,420.0,1.7344613831755773,0.0,6.4857886370807325,1034.6138461989513,0.0,1,0,6.1848702801582345,7.448333860897477,484.35,1.4937129848518496,0.0,6.4905157552178405,970.0670007819999,0.0,1,0
99,KT,0,5.59285091394892,7.731930721948487,7352,267.5,1.7344613831755773,0.0,4.509096843229664,926.6370419641668,0.0,1,0,5.650908985049133,8.187021067343505,283.55000000000007,1.4946349460593482,0.0,4.589067912037152,1016.6548615231843,0.0,1,0
100,KT,0,4.990432586778736,7.813187267521416,7353,146.0,1.7344613831755773,0.0,3.8025653124741914,6.898350868028944,0.0,1,0,5.315174483614459,8.097426298597213,202.40000000000003,1.4947912359252482,0.0,3.8025653124741914,10.690142533904671,0.0,0,0
101,KT,0,5.442417710521793,8.153925132007862,7354,230.0,1.719558778385411,1.0,5.809862420374241,107.98448449195163,0.0,1,0,5.7612649100695625,8.499640032168648,316.75,1.4879301413759598,0.0,6.067761211118227,156.24012899394805,0.0,0,0
102,KT,0,5.975081067857458,7.87359778968554,7355,392.5,1.718739740664589,0.0,6.464709847166919,1163.3466705666174,0.0,1,0,6.204052584482676,8.23217423638394,493.75,1.4879301413759598,0.0,6.975837350129738,944.4775696099373,0.0,0,0
103,KT,0,4.795790545596741,7.279318835414621,7356,120.0,1.7189938216596454,0.0,6.060449917109957,124.61523512983774,0.0,1,0,5.577463107977531,7.675546002537848,263.4,1.487533110229647,0.0,6.593574293561964,255.6851989474311,0.0,1,0
104,KT,0,5.159055299214528,7.346010209913294,7357,173.0,1.7192931916124061,0.0,6.043137329002054,0.31907430433658085,0.0,1,0,6.098186635404941,8.18004072349016,444.0500000000001,1.4870617764033691,0.0,7.201502851759771,395.39153176868797,0.0,0,0
105,KT,0,3.8607297110405954,8.444837529224097,7358,46.5,1.719547474756192,0.0,5.522798858882459,0.7322621303131134,0.0,1,0,5.367843429196646,8.637816633739979,213.4,1.486655295218004,0.0,7.521941668213889,185.67625553918626,0.0,1,0
106,KT,1,4.127134385045092,8.339978571990429,7359,61.0,1.6348468158102758,0.0,5.506838021704361,0.8885187487810252,0.0,1,0,5.647741083772575,8.884056061742461,282.65,1.8747703474954849,0.0,7.533594318340629,206.05851848143024,0.0,1,0
107,KT,1,5.1929568508902095,7.427144133408617,7360,179.0,1.6348468158102758,0.0,6.037548277654102,0.2064667025015254,0.0,1,0,6.210800860079237,8.138564737261632,497.1,1.8749387528287649,0.0,7.03827419272416,394.56493620904456,0.0,1,0
108,KT,1,4.770684624465665,7.293017679772782,7361,117.0,1.6348468158102758,0.0,6.051273911782575,124.61523512983774,0.0,1,0,5.5795411289387715,7.690286020676768,263.95,1.8751001775351857,0.0,6.621246378489912,255.6851989474311,0.0,1,0
109,KT,1,5.893024474294728,7.8655717576847906,7362,361.5,1.6348468158102758,0.0,6.451211764514192,1163.3466705666174,0.0,1,0,6.216007119335898,8.23217423638394,499.7000000000001,1.6148593843247632,0.0,6.964503371680628,944.4775696099373,0.0,0,0
110,KT,1,5.2417470150596435,8.154212694914229,7363,188.0,1.6348468158102758,0.0,5.77830271438109,107.98448449195163,0.0,1,0,5.904134937669594,8.490438454107418,365.55,1.6148221611353215,0.0,6.035267282132124,156.24012899394805,0.0,1,0
111,KT,1,5.003946305945459,7.816819965764552,7364,148.0,1.8012321631671209,1.0,3.8650628600948713,6.898350868028944,0.0,1,0,5.361057396369223,8.083637203141548,211.95,1.9163470629262551,0.0,3.8650628600948713,10.690142533904671,0.0,1,0
112,KT,1,5.6507332535663855,7.732369222284388,7365,283.5,1.8012321631671209,0.0,4.493006863588205,926.6370419641668,0.0,1,0,5.83845904464808,8.186742787113518,342.25000000000006,1.9163470629262551,0.0,4.574140650816914,1016.6548615231843,0.0,1,0
113,KT,1,5.337538079701318,7.378383712996714,7390,207.0,1.8012321631671209,0.0,6.5436579891337905,1051.0038401574525,0.0,1,0,5.406050066350919,7.646831391430483,221.75,1.916347062926255,0.0,6.5629033360656726,1138.3218420722321,0.0,1,0
114,KT,1,5.603962139373991,7.238496840894365,7391,270.5,1.8012321631671209,0.0,7.119485288839001,904.8171750563968,0.0,1,0,5.780126041243535,7.415175109613295,322.7999999999999,1.9163470629262551,0.0,7.1448568199804035,1045.7108360565273,0.0,1,0
115,KT,1,6.285998094508865,6.949856455000773,7392,536.0,1.8012321631671209,0.0,7.364907480769267,2777.6875724640804,0.0,1,0,6.427054640188067,7.219642040130735,617.35,1.916347062926255,0.0,7.3802856785153095,2921.831599987733,0.0,1,0
116,KT,1,5.717027701406223,7.19743535409659,7393,303.0,1.8012321631671209,0.0,7.288074332955112,2781.7905656613484,0.0,1,0,5.729775054930455,7.535296702444088,306.9000000000001,1.916347062926255,0.0,7.298494351473219,2886.2713157843145,0.0,1,0
117,KT,1,5.135798437050261,6.202535517187923,7394,169.0,1.8012321631671209,0.0,6.756832083812709,410.317001142767,0.0,1,0,5.4443638674772785,6.447305862541213,230.45,1.9163470629262551,0.0,6.87172695414509,610.5339726793562,0.0,1,0
118,KT,1,5.8888779583328805,6.680854678790215,7395,360.0,1.8012321631671209,0.3333333333333333,6.970341003886603,1857.900044288516,0.0,1,0,5.749074463847908,6.073044534100405,312.9000000000001,1.9163470629262551,0.0,6.999549119472195,2939.690331500685,0.0,1,0
119,KT,1,6.776506992372183,9.266342562091467,7397,876.0,1.6348468158102758,0.0,7.851998373531207,5276.161031452175,0.0,1,0,7.0519421992946345,9.620593996816144,1154.1,1.613619727658525,0.0,8.100884278290646,3065.967167380169,0.0,1,0
120,KT,0,5.86220971125072,6.682108597449808,7399,350.5,1.7344613831755773,0.0,6.968285827446699,1857.900044288516,0.0,1,0,5.9647354873659575,6.075346031088683,388.45,1.4934952874457372,0.0,6.996241598172751,2939.690331500685,0.0,1,0
121,KT,0,5.1149953094204985,6.202535517187923,7400,165.5,1.7454366775219945,0.0,6.753648930630457,410.317001142767,0.0,0,0,5.499828617735132,6.447305862541213,243.65000000000003,1.493640410733866,0.0,6.86916563200222,610.5339726793562,0.0,0,0
122,KT,0,5.662960480135946,7.19743535409659,7401,287.0,1.7344613831755773,0.0,7.287677179713933,2781.7905656613484,0.0,1,0,6.023205432892045,7.53689712956617,411.9,1.4943099956702082,0.0,7.298110921226566,2886.2713157843145,0.0,1,0
123,KT,0,6.318066806790424,6.9469759921354175,7402,553.5,1.7344613831755773,0.0,7.365357216608688,2777.6875724640804,0.0,1,0,6.390408438225881,7.218909707619059,595.1,1.4944278305315242,0.0,7.380736946790641,2921.831599987733,0.0,1,0
124,KT,0,5.605802066295998,7.237059026124737,7403,271.0,1.7344613831755773,0.0,7.1198316774546635,888.806974575846,0.0,1,0,5.877175400705855,7.415776975415393,355.8,1.494511395315114,0.0,7.1451572162352575,1033.5742251325173,0.0,1,0
125,KT,0,5.3981627015177525,7.378383712996714,7404,220.0,1.7344613831755773,0.0,6.544205403573894,1051.0038401574525,0.0,1,0,5.390212631252292,7.649216319820633,218.25,1.4945659000262357,0.0,6.563451911571334,1138.3218420722321,0.0,1,0
126,L,0,5.1179938124167546,7.0561752841004095,3266,166.0,1.9766642812351631,0.0,7.193557160491784,1059.5418829706623,0.0,1,0,5.3831179682405015,7.1853870155804165,216.7,1.9257941298534051,0.0,7.1936095084691125,1168.639680828107,0.0,1,0
127,L,1,5.190175207928333,7.057897937411856,3267,178.5,1.5314098843812505,0.0,7.1965700384544515,1077.0011321313407,0.0,1,0,5.120983351265121,7.1846291527173145,166.5,1.4970438466361469,0.0,7.1966637321766225,1184.3631188004256,0.0,1,0
128,L,0,4.212127597878484,7.412764017426562,3268,66.5,1.9766822183474844,0.0,7.152491997101276,225.6969796599707,0.0,1,0,4.835885002798619,7.6652847184713515,124.95,1.92588988595486,0.0,7.152573950552923,125.09736390867815,0.0,1,0
129,L,1,3.4339872044851463,7.405495663199472,3269,30.0,1.5315134680270182,0.0,7.155132469458951,111.4497108845916,0.0,1,0,4.0578534536396855,7.645875825184812,56.85,1.496992357590303,0.0,7.155291784212553,62.62127365195374,0.0,1,0
130,L,1,5.643678550586497,5.717027701406223,3599,281.5,1.5310548668073685,0.0,7.272343652532129,300.73180663721723,0.0,1,0,5.5361524666052375,6.410174881966167,252.70000000000005,1.49558538364308,0.0,7.272295818816758,256.2196251286308,0.0,1,0
131,L,0,4.736198448394496,6.115892125483033,3600,113.0,1.9766642812351631,0.0,7.284140341841699,306.631077244288,0.0,1,0,4.320815903628985,6.398594934535207,74.24999999999997,1.9242841787282061,0.0,7.2848149969242595,264.109429502171,0.0,1,0
132,L,1,4.262679877041316,6.118097198041347,3601,70.0,1.5310548668073685,0.0,7.310941947761568,286.5597829986372,0.0,1,0,4.5549289695513435,6.398594934535207,94.1,1.4954276153026054,0.0,7.3116076348975225,247.127897848458,0.0,1,0
133,L,0,4.5591262474866845,6.030685260261262,3602,94.5,1.9766642812351631,0.0,7.135706429998255,514.5558455521068,0.0,1,0,4.876722876509988,6.285998094508865,130.20000000000002,1.924188628665413,0.0,7.136437067142903,393.3707656287149,0.0,1,0
134,L,1,4.629862798578462,6.023447592961032,3603,101.5,1.5310548668073685,0.0,7.128477969900361,445.4092370756445,0.0,1,0,4.638121286127777,6.2878585601617845,102.35,1.4952662185747836,0.0,7.129144719201933,338.29229034415454,0.0,1,0
135,L,1,7.349552316337693,10.425757440186377,5417,1554.5,1.9405158928795785,0.0,8.376506360548477,25941.25749781112,8.460305329209191,1,0,7.340803128176029,10.806713308080845,1540.9499999999996,1.939220959354618,0.0,8.418080085440991,25262.162192479365,8.755264763314685,1,0
136,L,1,6.920177798980694,10.560152267518658,5419,1011.5,1.9402482413869415,0.0,7.937188096794871,12085.86851230609,0.0,0,0,7.153129879137667,10.39314061106932,1277.1,1.939220959354618,0.0,8.392280898257,11024.918334354255,0.0,0,0
137,L,1,6.493753839851687,7.930925372483388,5726,660.0,1.9403621624224725,0.0,8.24575120385275,3325.3659944123783,0.0,1,0,6.580847160029519,8.296297112642508,720.1499999999997,1.939220959354618,0.0,8.310184720323205,2676.7799253199373,0.0,1,0
138,L,1,6.984253249954863,10.698943095669854,5727,1078.5,1.9403422701990325,0.0,8.288463328533853,12165.038695290368,8.848222068371385,1,0,6.992418066860846,10.598333289731654,1087.35,1.939220959354618,0.0,8.66136505209226,10510.805778345368,8.752107198329362,1,0
139,L,1,6.902742737158593,7.840312983320164,5728,994.0,1.9404290765071048,0.0,7.961190322854363,3379.4157198342605,0.0,0,0,6.900529233890397,8.13739583005665,991.8,1.939220959354618,0.0,7.972030964346508,3318.1802128202885,0.0,0,0
140,L,1,6.29156913955832,5.638354669333745,5730,539.0,1.9404290765071048,0.0,6.012085485008972,2613.413971876782,0.0,0,0,6.438391445023742,5.726847747587197,624.3999999999999,1.939220959354618,0.0,6.015610277341198,2098.8166041697273,0.0,0,0
141,L,1,7.3132203870903005,11.38685190771486,5731,1499.0,1.9406497545101349,0.0,7.360737023147412,24813.33173644273,9.35686202463895,1,0,6.873577827180552,11.868268522341692,965.4,1.939220959354618,0.0,7.348584615805348,26407.744294140542,9.091950902475961,1,0
142,L,0,5.757323241584232,6.8679744089702925,6614,315.5,1.9766642812351631,0.0,7.267237327820762,1162.2162876555506,0.0,1,0,5.74748032992192,7.069874128458572,312.4,1.9256915476759864,0.0,7.268708473632323,1266.3592275173678,0.0,1,0
143,L,1,5.629418059367339,6.86484777797086,6615,277.5,1.531291523455815,0.0,7.272052457802272,1147.250778543589,0.0,1,0,5.8200829303523625,7.064759027791803,336.0000000000001,1.4971026963785707,0.0,7.273549805127878,1257.2036519713527,0.0,1,0
144,L,0,6.134482053942907,7.020190708311925,6616,460.5,1.9766642812351631,0.0,7.292480183033968,1054.5227842317638,0.0,1,0,6.38130827431319,7.1569563646156364,589.7,1.9256026545379792,0.0,7.29437290983985,1236.0819244094546,0.0,1,0
145,L,1,6.1516682986483175,7.021083964289139,6617,468.5,1.5311805798294271,0.0,7.2749680418760905,1012.6138113090063,0.0,1,0,6.294158377180199,7.181591944611865,540.4,1.497154194382616,0.0,7.276893782951512,1201.9341474239368,0.0,1,0
146,L,0,5.913503005638269,7.282073658093465,6618,369.0,1.9766642812351631,0.0,7.20814862145357,956.00092283325,0.0,1,0,6.18239477605754,7.327123292259293,483.15,1.92546591655762,0.0,7.209591526764816,1162.8082927842238,0.0,1,0
147,L,1,6.121395716700013,7.226936018493289,6619,454.5,1.5310548668073685,0.0,7.212132621321389,953.0355393351216,0.0,1,0,6.355847210114916,7.3118861640771655,574.8499999999998,1.4972204122462829,0.0,7.213606699320043,1161.7996456108656,0.0,1,0
148,L,0,5.402677381872278,7.259819610363187,6620,221.0,1.9766642812351631,0.0,7.210620989429551,8.122662979721804,0.0,1,0,5.615133393724881,7.409136443920128,273.55000000000007,1.9253838858063128,0.0,7.211082235852111,5.2351840081796714,0.0,1,0
149,L,1,5.4638318050256105,7.259819610363187,6621,235.0,1.5310548668073685,0.0,7.219761093585889,10.658745042176417,0.0,1,0,5.672119794147361,7.382746449738913,289.6500000000001,1.4970410881884406,0.0,7.2196845238234655,6.305124489363139,0.0,1,0
150,L,0,5.424950017481403,7.328437352895162,6622,226.0,1.9766642812351631,0.0,7.2536363169739415,69.81063890660633,0.0,1,0,5.822897955546362,7.280697195384741,336.95,1.9252745255106345,0.0,7.252928469850048,65.36822245406997,0.0,1,0
151,L,1,5.320567975482857,7.313886831633463,6623,203.5,1.5310548668073685,0.0,7.268389712925897,70.52175001771745,0.0,1,0,5.508578292031233,7.335633981927201,245.8,1.496902261816858,0.0,7.267692235908437,65.70654000331189,0.0,1,0
152,L,0,5.220355825078324,7.115582126184454,6624,184.0,1.9766642812351631,0.0,7.348847337491039,102.07821016257758,0.0,1,0,5.551796117658318,7.3118861640771655,256.7,1.925178848410848,0.0,7.3482289065303625,104.25338662019257,0.0,1,0
153,L,1,5.325446033936291,7.10085190894405,6625,204.5,1.5310548668073685,0.0,7.349182623322736,109.01731349933176,0.0,1,0,5.486455308663431,7.329093736246593,240.4,1.4967708184945356,0.0,7.348681070335415,107.47357902478971,0.0,1,0
154,L,0,5.187385805840755,7.044032897274685,6626,178.0,1.9766642812351631,0.0,7.330370321870626,109.11290690705414,0.0,1,0,5.631390977234442,7.279318835414621,278.05,1.9250900163841556,0.0,7.330360296975467,112.68013027491942,0.0,1,0
155,L,1,5.318119993844216,7.029087564149663,6627,203.0,1.5310548668073685,0.0,7.329659970362017,100.16714765210331,0.0,1,0,5.426930434016013,7.2875606403097235,226.45,1.4966366457208058,0.0,7.3296038496588025,103.25065292333595,0.0,1,0
156,L,0,5.531411248715415,6.947937068614969,6628,251.5,1.9766642812351631,0.0,7.325880115903792,101.38627073308912,0.0,1,0,5.8264424873920895,7.180831199044556,338.14999999999986,1.9250011949424968,0.0,7.325880115903794,104.43507717601037,0.0,1,0
157,L,1,5.675040005790549,6.920671504248682,6629,290.5,1.5310548668073685,0.0,7.315085501145227,103.69174081855921,0.0,1,0,5.865192456165049,7.1592919047975645,351.5499999999999,1.4964979078459582,0.0,7.315085501145227,104.43507717601037,0.0,1,0
158,L,0,5.214935757608987,6.322565239927285,6630,183.0,1.9766642812351631,0.0,7.196509149886974,492.82431180061525,0.0,1,0,5.353042266237283,6.496774990185863,210.25,1.9248509058410816,0.0,7.196509149886976,441.87301699956487,0.0,1,0
159,L,1,5.420534999272285,6.304448802421981,6631,225.0,1.5310548668073685,0.0,7.199754955907253,492.82431180061525,0.0,1,0,5.553347106724568,6.498282149476434,257.1,1.4962958275092957,0.0,7.199754955907254,441.87301699956487,0.0,1,0
160,L,0,5.7071102647488745,6.278521424165843,6632,300.0,1.9766642812351631,0.0,7.3499894897958065,490.23139159808716,0.0,1,0,5.927725706140975,6.674561391814426,374.29999999999984,1.9246323575931603,0.0,7.349699746724265,438.24706928558334,0.0,1,0
161,L,1,5.928258471204189,6.2441669006637355,6633,374.5,1.5310548668073685,0.0,7.371648362904345,395.74457070775713,0.0,1,0,5.911473921411488,6.668228248417402,368.25,1.4959818122710633,0.0,7.371380879831872,310.21592094411517,0.0,1,0
162,L,0,5.260096153727839,6.329720905522696,6634,191.5,1.9766642812351631,0.0,7.461487738777193,193.0080529433348,0.0,1,0,5.347345597615392,6.84587987526405,209.05000000000007,1.9245367628825936,0.0,7.46149473620512,159.0351401557794,0.0,1,0
163,L,1,5.27556037942542,6.336825731146441,6635,194.5,1.5310548668073685,0.0,7.463784204695027,193.0080529433348,0.0,1,0,5.238567362142264,6.8501261661454995,187.40000000000006,1.495845970839122,0.0,7.4637184337264095,159.0351401557794,0.0,1,0
164,L,0,5.053056009980208,6.118097198041347,6636,155.5,1.9766642812351631,0.0,7.464633128018839,275.1689349301297,0.0,1,0,5.274792821501079,6.661854740545311,194.35,1.924454834317272,0.0,7.46428085561093,231.0686363630429,0.0,1,0
165,L,1,5.0998664278242,6.104793232414986,6637,163.0,1.5310548668073685,0.0,7.458863628597218,273.9271149200745,0.0,1,0,5.245970886175828,6.654152520183219,188.8,1.4957138287315732,0.0,7.458509329059032,229.76063346104462,0.0,1,0
166,L,0,5.6646950859481535,5.598421958998375,6638,287.5,1.9766642812351631,0.0,7.277450359845942,302.8127602002663,0.0,1,0,5.5264484593732845,6.4085287910594975,250.25,1.9243729147574957,0.0,7.277374006163906,251.71062585245852,0.0,1,0
167,L,0,5.8156219564117375,6.522092798170153,6640,334.5,1.9766642812351631,0.0,7.229378690981128,532.3308092075367,0.0,1,0,5.757797062962441,6.761572768804054,315.6500000000001,1.9247826026294383,0.0,7.229423706871557,646.7316634307892,0.0,1,0
168,L,1,5.6577385361547945,6.516193076042964,6641,285.5,1.5310548668073685,0.0,7.231560954511282,571.1837434025311,0.0,1,0,6.014448383498357,6.787844982309578,408.3000000000001,1.4962095037271508,0.0,7.23095065762337,521.3446371626062,0.0,1,0
169,L,0,3.4499875458315867,7.268223021159565,6736,30.5,1.9766822183474844,0.0,6.935816436469122,1362.392640211449,0.0,1,0,4.091005660956586,7.542213463193402,58.8,1.9260267017222008,0.0,6.935816439610858,1109.698083770699,0.0,1,0
170,L,1,4.110873864173311,7.270312886079025,6737,60.0,1.5316318697266087,0.0,6.975113956736866,1385.302007703196,0.0,1,0,3.7506798550193836,7.5714736488512715,41.55,1.4969335180843082,0.0,6.975113956736868,1132.013651472488,0.0,1,0
171,L,0,7.141640926828249,7.0166096838942185,6739,1262.5,1.927313681123877,0.0,6.768167125907213,1290.3050035075182,0.0,0,0,7.134133592806276,7.253470382684528,1253.0500000000004,1.932343287407608,0.0,6.766582442793857,1068.5693737532097,0.0,0,0
172,L,1,6.952728644624869,7.007600613951852,6740,1045.0,1.9404290765071048,0.0,6.764676024711174,1290.3050035075182,0.0,1,0,6.894720696711677,7.253470382684528,986.05,1.939220959354618,0.0,6.765549746625147,1068.5693737532097,0.0,1,0
173,L,0,6.898714534329987,7.8461988154974245,6991,990.0,1.926605362073253,0.0,7.957215069250472,3379.4157198342605,0.0,1,0,7.1486208632839645,8.137688184977605,1271.35,1.9316421607628171,0.0,7.969151499412372,3318.1802128202885,0.0,1,0
174,L,0,6.2519038831658875,5.6594822157596205,6993,518.0,1.9271176058435602,0.0,6.075305123110213,2613.413971876782,0.0,0,0,6.765384937690411,5.71373280550937,866.3,1.9321539183471348,0.0,6.078269805956088,2098.8166041697273,0.0,0,0
175,L,0,6.948897222313312,11.397985882865408,6994,1041.0,1.926030347806291,0.3333333333333333,7.364187403398683,24771.346235541547,9.35686202463895,1,0,6.776621010957337,11.878332175832407,876.1,1.9316421607628171,0.0,7.352077108713522,26248.488437054628,9.091950902475961,1,0
176,L,0,7.3990922261642655,10.425787098375746,6995,1633.5,1.92598613430076,0.0,8.393864900968879,27001.717598346342,8.460305329209191,1,0,7.256614761611179,10.810354015162444,1416.45,1.9316421607628176,0.0,8.433190102568105,25154.69091856576,8.755264763314685,1,0
177,L,0,6.8216525799287275,10.55448373083613,6996,916.5,1.92589771515434,0.0,7.943951808063371,12664.92117508297,0.0,1,0,7.251664081391196,10.408103938824377,1409.4500000000005,1.9316421607628171,0.0,8.394494133487155,11149.093840439129,0.0,1,0
178,L,0,6.769067759208244,10.698107702026707,6997,869.5,1.9259295448391394,0.0,8.294650794100933,12011.157712516133,8.848222068371385,1,0,6.9557355915007015,10.556749799397158,1048.1499999999996,1.9316421607628176,0.0,8.667632843601238,10321.408035032318,8.752107198329362,1,0
179,L,0,6.625392368007955,7.944846711001996,6998,753.0,1.9263505318121104,0.0,8.243513012272313,3325.3659944123783,0.0,0,0,6.9126930680117615,8.31238059678675,1003.95,1.9316421607628176,0.0,8.30832846351187,2676.7799253199373,0.0,0,0
180,L,0,7.270312886079025,11.368096205402036,7217,1436.0,1.9189300952907675,1.0,6.351242310045481,17860.547076489016,9.09829086816756,1,0,6.84896023247163,11.690343351735835,941.9,1.9316421607628171,1.0,6.840724876727838,14545.408060815298,9.033662857567313,1,0
181,M,0,7.555643553136468,8.520188700396035,3358,1910.5,1.8665232342900784,0.0,6.929328699011783,3067.7253653918483,0.0,1,0,7.243477234212646,8.517593111437565,1397.95,1.8296947741189424,0.0,6.935918097628975,2580.594255628189,0.0,1,0
182,M,1,4.90527477843843,6.386879319362644,3361,134.0,1.4298379007258946,0.0,7.4392103720023774,488.7592682742282,0.0,1,0,5.74652262833236,6.354370040797352,312.1,1.8310808265742389,0.0,7.457114422067531,543.8355541748654,0.0,1,0
183,M,0,4.941642422609304,6.115892125483033,3376,139.0,1.8663098205663309,0.0,7.394979217138093,405.4876140162403,0.0,1,0,6.170029055024225,6.2878585601617845,477.2,1.8296947741189424,0.0,7.412798962667483,455.9329752107568,0.0,1,0
184,M,1,4.840242308167575,6.480044561926652,3385,125.5,1.4297177508405658,0.0,7.255285397637476,247.6838946805305,0.0,1,0,5.1904537206720915,6.511745329644728,178.55000000000004,1.8310185528146536,0.0,7.262351573971762,386.4452340703201,0.0,1,0
185,M,0,6.520621127558696,7.9529667909231305,3403,678.0,1.8665232342900784,0.0,6.0630604930825855,2215.3446103325323,0.0,1,0,6.7797514383977715,7.886081401775745,878.8500000000001,1.8296947741189424,0.0,6.0630604930825855,2636.8286212900493,0.0,1,0
186,M,1,5.342334251964812,5.703782474656202,3715,208.0,1.4293762766833022,0.0,7.023485232967736,268.7256542752576,0.0,1,0,5.600087238317436,5.978885764901122,269.45000000000005,1.8308421395881682,0.0,7.038595402341918,288.08343873533767,0.0,1,0
187,M,0,5.552959584921617,5.680172609017067,3716,257.0,1.8658689625970508,0.0,7.032667325869047,268.7256542752576,0.0,1,0,5.644386264699545,5.955837369464831,281.7000000000001,1.8296947741189424,0.0,7.0472255774603525,288.08343873533767,0.0,1,0
188,M,1,4.727387818712341,5.793013608384143,3717,112.0,1.4294704574732953,0.0,7.169134859972847,62.93111030684642,0.0,1,0,5.0463241365047615,6.068425588244112,154.45,1.8308940213676312,0.0,7.1789804114110645,55.8618307787193,0.0,1,0
189,M,1,5.733341276897747,6.39024066706535,3718,308.0,1.429293880348404,0.0,6.980648482364955,334.4262297823364,0.0,1,0,5.739792912179233,6.214608098422191,310.0,1.8308006368422969,0.0,6.994732967461822,364.91908264178016,0.0,1,0
190,M,0,5.652489180268652,6.39024066706535,3719,284.0,1.8658120970334,0.0,6.97049415486177,334.4262297823364,0.0,1,0,5.818746726456723,6.2441669006637355,335.55,1.8296947741189424,0.0,6.9853423071299945,364.91908264178016,0.0,1,0
191,M,1,7.3118861640771655,10.425757440186377,5417,1497.0,1.8407878623116818,0.0,8.376506360548477,25941.25749781112,8.460305329209191,1,0,7.265884165434008,10.806713308080845,1429.65,1.8350356165865296,0.0,8.418080085440991,25262.162192479365,8.755264763314685,1,0
192,M,1,6.882437470997847,10.560152267518658,5419,974.0,1.8405315760623209,0.0,7.937188096794871,12085.86851230609,0.0,0,0,7.034387929915503,10.39314061106932,1134.0,1.8350356165865296,0.0,8.392280898257,11024.918334354255,0.0,0,0
193,M,1,6.677083461247137,7.930925372483388,5726,793.0,1.8406406598265619,0.0,8.24575120385275,3325.3659944123783,0.0,1,0,6.57507584059962,8.296297112642508,716.0,1.8350356165865296,0.0,8.310184720323205,2676.7799253199373,0.0,1,0
194,M,1,6.848535919322167,10.698943095669854,5727,941.5,1.8406216122740016,0.0,8.288463328533853,12165.038695290368,8.848222068371385,1,0,6.921608873270673,10.598333289731654,1012.95,1.8350356165865296,0.0,8.66136505209226,10510.805778345368,8.752107198329362,1,0
195,M,1,7.007148022860172,7.840312983320164,5728,1103.5,1.8407047325344679,0.0,7.961190322854363,3379.4157198342605,0.0,0,0,6.9976873864827445,8.13739583005665,1093.1,1.8350356165865296,0.0,7.972030964346508,3318.1802128202885,0.0,0,0
196,M,1,6.377576926700331,5.638354669333745,5730,587.5,1.8407047325344679,0.0,6.012085485008972,2613.413971876782,0.0,0,0,6.435428954366755,5.726847747587197,622.5500000000002,1.8350356165865296,0.0,6.015610277341198,2098.8166041697273,0.0,0,0
197,M,1,7.226572580364629,11.38685190771486,5731,1374.5,1.840916039367892,0.0,7.360737023147412,24813.33173644273,9.35686202463895,1,0,6.8439631458943575,11.868268522341692,937.2000000000003,1.8350356165865296,0.0,7.348584615805348,26407.744294140542,9.091950902475961,1,0
198,M,0,4.722953221644475,5.786897381366707,5825,111.5,1.865968487965104,0.0,7.182149838525215,60.12704150753086,0.0,1,0,5.090062427727577,6.142037405587356,161.4,1.8296947741189424,0.0,7.19110996419928,55.8618307787193,0.0,1,0
199,M,1,5.472270673671474,6.135564891081739,6172,237.0,1.429650618501315,0.0,7.20186304616912,90.74401173892673,0.0,1,0,5.624558875865813,6.182084906716633,276.15,1.8309839585966383,0.0,7.203203407761634,207.2861193851064,0.0,1,0
200,M,0,5.2094861528414205,6.159095388491932,6173,182.0,1.8661462455011129,0.0,7.191545350888211,90.74401173892673,0.0,1,0,5.359177254804799,6.206575926724928,211.55,1.8296947741189424,0.0,7.192576381561313,207.2861193851064,0.0,1,0
201,M,1,5.351858133476067,5.780743515792329,6174,210.0,1.4295375701058692,0.0,7.228917894770715,30.93543657772347,0.0,1,0,5.651260355397091,6.200509174042691,283.65,1.8309286112869465,0.0,7.2332404203909375,31.33424530295456,0.0,1,0
202,M,0,5.320567975482857,5.799092654460527,6175,203.5,1.866039585799644,0.0,7.228630200773765,30.93543657772347,0.0,1,0,5.725707032071992,6.2878585601617845,305.65,1.8296947741189424,0.0,7.232781353198612,31.33424530295456,0.0,1,0
203,M,0,5.030437921392434,8.078688229229872,6219,152.0,1.8665232342900784,0.0,6.0474428040673445,712.084229891484,0.0,1,0,5.408740047798128,8.109525659752872,222.35,1.8296947741189424,0.0,6.049608295146638,592.0683008484622,0.0,1,0
204,M,1,5.43153621033426,8.158229916959494,6220,227.5,1.4295069564156704,0.0,6.027497465965832,450.0001686248367,0.0,1,0,5.6317492717563695,8.111328003286733,278.15000000000003,1.8311465658004242,0.0,6.029381441369848,414.0996231672153,0.0,1,0
205,M,0,4.629862798578462,7.987184748233472,6223,101.5,1.8665232342900784,0.0,6.211455568484749,1034.5541536465867,0.0,1,0,5.135798437050261,7.954723334497907,169.0,1.8296947741189424,0.0,6.215913807586462,829.1908857488538,0.0,1,0
206,M,1,4.4942386252808095,7.9875244798487675,6224,88.5,1.4294563294332516,0.0,6.175089384975148,1031.3721680157196,0.0,1,0,4.999237249143887,7.954372272531867,147.29999999999995,1.8311465658004242,0.0,6.178925559600669,822.028215706137,0.0,1,0
207,M,1,3.828641396489095,6.411818267709898,6257,45.0,1.4226002821786,0.0,7.11476117343747,189.6536894535754,0.0,1,0,3.954124181446781,6.395261598115449,51.15,1.831008174375628,0.0,7.116437782758653,195.17831140197902,0.0,1,0
208,M,0,3.555348061489413,6.530877627725885,6259,34.0,1.8648836902759989,0.0,7.120524342905881,189.6536894535754,0.0,1,0,4.585477552642356,6.553933404025811,97.05,1.8299227199975396,0.0,7.122117382710051,195.17831140197902,0.0,1,0
209,M,1,6.7747951517259075,5.880532986400699,6262,874.5,1.4226002821786,0.3333333333333333,6.857639886233192,7890.230526169959,9.371608519572305,1,0,6.492694277200526,6.565264970035361,659.3,1.8314926601697723,1.0,6.88590911743415,6061.6239892582125,9.229603638157027,1,0
210,M,1,4.7535901911063645,6.306275286948017,6265,115.0,1.4226002821786,0.0,7.165479155597849,10.764785944701703,0.0,1,0,5.0792280855618674,6.013715156042802,159.65000000000003,1.8311673267966,0.0,7.162903246271262,12.614200205811391,0.0,1,0
211,M,0,4.135166556742356,6.315358001522335,6266,61.5,1.8648836902759989,0.0,7.159507500529107,3.745087145892613,0.0,1,0,4.363098624788363,6.025865973825314,77.5,1.83008854393792,0.0,7.156938289501312,2.4735590393874483,0.0,1,0
212,M,0,2.8903717578961645,5.802118375377063,6268,17.0,1.8648836902759989,0.0,7.170255342160112,6166.195136271619,9.371608519572305,1,0,5.019595035467728,6.137727054086233,150.35000000000005,1.8302613176308689,0.0,7.1661251989974994,3988.370375423097,9.229603638157027,1,0
213,M,0,6.6385677891665225,5.958424693029783,6269,763.0,1.8648836902759989,0.3333333333333333,7.082598174058008,7290.446429496954,9.371608519572305,1,0,5.954541193003384,6.498282149476434,384.49999999999983,1.830385740239319,1.0,7.060984603522395,5210.9663798050515,9.229603638157027,1,0
214,M,0,5.249652194566756,6.927557906278317,6503,189.5,1.8665232342900784,0.0,6.5884396314991065,730.0522071559973,0.0,1,0,5.409411414053624,7.026426808699637,222.5,1.8296947741189424,0.0,6.595498791422273,531.8723682530193,0.0,1,0
215,M,0,6.854354502255021,7.0166096838942185,6739,947.0,1.8665232342900784,0.0,6.768167125907213,1290.3050035075182,0.0,0,0,6.921263629006928,7.253470382684528,1012.6,1.8296947741189424,0.0,6.766582442793857,1068.5693737532097,0.0,0,0
216,M,1,6.903245123504251,7.007600613951852,6740,994.5,1.8407047325344679,0.0,6.764676024711174,1290.3050035075182,0.0,1,0,6.763422908092218,7.253470382684528,864.6,1.8350356165865296,0.0,6.765549746625147,1068.5693737532097,0.0,1,0
217,M,1,5.105945473900579,7.1372784372603855,6898,164.0,1.429293880348404,0.3333333333333333,6.798337657710888,218.6405606855991,0.0,1,0,5.3247158404025665,7.313886831633463,204.35,1.8311465658004242,0.0,6.800848961020496,198.91396096042985,0.0,1,0
218,M,0,6.7580945044277305,7.8461988154974245,6991,860.0,1.8730246884420023,0.0,7.957215069250472,3379.4157198342605,0.0,1,0,6.933910236458987,8.137688184977605,1025.5,1.8296947741189424,0.0,7.969151499412372,3318.1802128202885,0.0,1,0
219,M,0,6.1081358539116755,5.6594822157596205,6993,448.5,1.8735537806926517,0.0,6.075305123110213,2613.413971876782,0.0,0,0,6.436230493364463,5.71373280550937,623.05,1.8296947741189424,0.0,6.078269805956088,2098.8166041697273,0.0,0,0
220,M,0,6.604621101971435,11.397985882865408,6994,737.5,1.8725064281582076,0.0,7.364187403398683,24771.346235541547,9.35686202463895,1,0,6.424139422316539,11.878332175832407,615.55,1.8296947741189424,0.0,7.352077108713522,26248.488437054628,9.091950902475961,1,0
221,M,0,7.250990310554168,10.425787098375746,6995,1408.5,1.8724504876780856,0.0,8.393864900968879,27001.717598346342,8.460305329209191,1,0,7.399856693749848,10.810354015162444,1634.75,1.8296947741189424,0.0,8.433190102568105,25154.69091856576,8.755264763314685,1,0
222,M,0,6.672032945461067,10.55448373083613,6996,789.0,1.872338619515512,0.0,7.943951808063371,12664.92117508297,0.0,1,0,7.032359442206667,10.408103938824377,1131.6999999999996,1.8296947741189424,0.0,8.394494133487155,11149.093840439129,0.0,1,0
223,M,0,6.6005505400414926,10.698107702026707,6997,734.5,1.8723788900885179,0.0,8.294650794100933,12011.157712516133,8.848222068371385,1,0,6.875180433049956,10.556749799397158,966.9499999999997,1.8296947741189424,0.0,8.667632843601238,10321.408035032318,8.752107198329362,1,0
224,M,0,6.543911845564794,7.944846711001996,6998,694.0,1.8727783921010128,0.0,8.243513012272313,3325.3659944123783,0.0,0,0,6.8015054791394265,8.31238059678675,898.1999999999998,1.8296947741189424,0.0,8.30832846351187,2676.7799253199373,0.0,0,0
225,M,1,7.616037347126353,8.519390774959724,7065,2029.5,1.430000493899982,0.0,6.914459877986353,3059.885221893371,0.0,0,0,7.141403462941433,8.518791912779934,1262.2,1.8311465658004242,0.0,6.913466066492574,2568.4216088027565,0.0,1,0
226,M,1,5.418320158942733,6.8977049431286375,7109,224.5,1.429293880348404,0.0,6.59706430587649,752.9615746477443,0.0,1,0,5.395670911803948,7.041411663794809,219.45,1.8311465658004242,0.0,6.603994450035799,554.1879359548084,0.0,1,0
227,M,1,3.4657359027997265,5.793013608384143,7111,31.0,1.4226002821786,0.0,7.160446990762849,6166.195136271619,9.371608519572305,1,0,4.223909766576743,6.129050210060545,67.3,1.8313334362069145,0.0,7.156383760598898,3988.370375423097,9.229603638157027,1,0
228,M,0,5.1149953094204985,7.134093721192866,7125,165.5,1.8665232342900784,0.0,6.807830691850525,224.04802972255857,0.0,1,0,5.138441998583912,7.307202314764737,169.45,1.8296947741189424,0.0,6.809943717911028,200.98313461672717,0.0,1,0
229,M,0,6.866933284461883,11.368096205402036,7217,959.0,1.8725623729049852,1.0,6.351242310045481,17860.547076489016,9.09829086816756,1,0,6.6198731865276885,11.690343351735835,748.85,1.8296947741189424,1.0,6.840724876727838,14545.408060815298,9.033662857567313,1,0
230,M,1,6.568077911411977,8.008032846969307,7449,711.0,1.429702439309736,0.0,6.040722829329009,2215.3446103325323,0.0,0,0,6.6250607480413946,7.963460066638969,752.75,1.831146565800424,0.0,6.040722829329009,2636.8286212900493,0.0,1,0
231,N,1,6.616734305264841,10.028356534581997,3212,746.5,1.3786835713278351,0.0,7.876545365772379,3262.9186941588678,0.0,1,0,6.50779996404757,7.5272559193737845,669.3499999999998,1.3205754153730305,0.0,7.880741395060609,2833.5482649885325,0.0,1,0
232,N,0,7.1565665770449245,7.725330037917135,3909,1281.5,1.7806006204613385,0.0,8.08015773217487,1055.8524920657424,0.0,0,0,6.9876287415653,7.8961806086154915,1082.15,2.0411582338207728,0.0,8.080123199940616,911.6672683351208,0.0,0,0
233,N,1,7.049254841255838,7.596392304064197,3911,1151.0,1.3795468611892754,0.0,8.058180883904825,1044.2260396234096,0.0,1,0,6.990348577285991,7.8792914850822715,1085.1,1.3216044842995949,0.0,8.058042765275992,902.3854684808563,0.0,1,0
234,N,0,5.3230099791384085,6.826545223556594,3912,204.0,1.7806006204613385,0.0,7.428750244705843,1365.8426339570876,0.0,1,0,5.713897808397294,9.09549053029724,302.05,2.0411582338207728,0.0,7.431126679182272,1135.7046299917502,0.0,1,0
235,N,1,5.065754593317335,6.818924065275521,3913,157.5,1.3792802884818078,0.0,7.434112102712091,1365.8426339570876,0.0,1,0,5.651787179537821,9.09549053029724,283.8,1.3213943050176489,0.0,7.436473736894469,1135.7046299917502,0.0,1,0
236,N,0,5.8888779583328805,7.458186157340487,3914,360.0,1.7806006204613385,0.0,7.823186845025831,854.5487450264359,0.0,1,0,6.003887067106539,9.21492982430999,404.0,2.0411582338207728,0.0,7.824803234951028,727.5559024822452,0.0,1,0
237,N,1,6.022236205774735,7.421775793644648,3915,411.5,1.379429777394781,0.0,7.776410810934117,1257.9631469483636,0.0,1,0,6.229003978705925,9.214232786691527,506.25000000000017,1.3215152096443863,0.0,7.778175839796706,1290.359718073251,0.0,1,0
238,N,0,7.297429701183977,7.71289096149013,4447,1475.5,1.7806006204613385,0.3333333333333333,8.227350438711248,4633.7486148180105,0.0,1,0,7.198295762282398,8.428143374582726,1336.1499999999996,2.0411582338207728,1.0,8.308729047596625,3192.6359704465553,0.0,0,0
239,N,1,7.160069207596128,7.708410667257367,4448,1286.0,1.3804357202959008,0.0,8.228568801306245,4641.7892729485775,0.0,1,0,7.011078721214037,8.426173793029069,1107.85,1.3222793589262254,0.0,8.310002121079954,3204.200811392423,0.0,1,0
240,N,1,5.404927101606295,8.523175263093785,4506,221.5,1.4706482330214512,0.0,8.004161100069203,1.2145833333333331,0.0,0,0,5.640842674882327,8.923857580099885,280.7,1.5805239543791965,0.0,8.134866991504182,0.4004788784200549,0.0,0,0
241,N,1,6.171700597410915,9.75979037727894,4509,478.0,1.4707018866177246,0.0,7.132596180353955,904.3239178938223,0.0,0,0,6.638960382248839,9.954275719368232,763.3,1.5835602829597302,0.5,7.679922510094662,2609.411056114809,0.0,1,0
242,N,0,6.095824562432225,9.781941194456634,4510,443.0,1.7465275114318928,0.0,7.0588853745704325,934.981556028627,0.0,1,0,6.637126961096183,9.99337395933065,761.8999999999999,2.0191759749948086,0.0,7.615412797385428,3496.5112534549044,0.0,1,0
243,N,0,6.911249168236393,10.006134389496275,5118,1002.5,1.7805477791903466,0.0,7.388693978505981,1352.2062042983334,0.0,1,0,6.7369076442618105,9.077037524661762,841.9499999999998,2.0411582338207728,0.0,7.391871987340473,1170.0545057748018,0.0,1,0
244,N,0,5.25227342804663,10.03464738523415,5119,190.0,1.780503747795324,0.0,7.4930882115359285,1514.0859829222077,0.0,1,0,5.4234069773868585,9.17636985240503,225.65000000000003,2.0411582338207728,0.0,7.497253038887227,1259.7877096917755,0.0,1,0
245,N,1,5.6185876285929695,10.032803824006184,5120,274.5,1.3789841508017011,0.0,7.526353523626863,1513.9619444606692,0.0,1,0,5.8124873915644155,9.176680170483547,333.44999999999993,1.320999309601709,0.0,7.531335037775133,1259.3153094690601,0.0,1,0
246,N,0,5.840641657373397,10.030032093861085,5121,343.0,1.780437705811433,0.0,7.8081738788721164,3308.5522753635705,0.0,1,0,5.985572221403143,7.530479995245536,396.65,2.0411582338207728,0.0,7.816502139688872,2897.643145483185,0.0,1,0
247,N,1,6.082218910376446,10.029811785869624,5122,437.0,1.3788002379537552,0.0,7.83209801636977,3308.5522753635705,0.0,1,0,6.091762268423346,7.512071245835466,441.1999999999999,1.3207496364060345,0.0,7.840267350942699,2888.007805823612,0.0,1,0
248,N,0,6.741110201573191,10.02813585710124,5123,845.5,1.7804024859263654,0.0,7.8448158357601825,3153.872972152631,0.0,1,0,6.673361176895074,7.523481312573497,790.0500000000003,2.0411582338207728,0.0,7.852834151014184,2720.092992427075,0.0,1,0
249,N,1,7.04882071926074,10.00297083102108,5124,1150.5,1.3791564843055621,0.0,7.41557758185837,1302.281762072947,0.0,1,0,6.944231845792153,9.081369990679224,1036.15,1.3212377345441118,0.0,7.4186589850738835,1124.794739884749,0.0,1,0
250,N,0,6.505036396541997,10.035830739523842,5193,667.5,1.7803496593674917,0.0,7.955377916530732,2808.130791133407,0.0,1,0,6.276831441602321,7.613818684808629,531.0999999999998,2.0411582338207728,0.0,7.9635162869275895,2454.808635493669,0.0,1,0
251,N,1,6.413458957167357,10.035830739523842,5194,609.0,1.378549044097786,0.0,7.9621883149929555,3067.472996748784,0.0,1,0,6.353935163643291,7.631431664576906,573.75,1.3203890974475383,0.0,7.970105604010557,2740.212790505463,0.0,1,0
252,N,0,5.1149953094204985,10.040463007563208,5195,165.5,1.780301238467254,0.0,7.8996934160847925,2464.091826650417,0.0,1,0,5.397483738042536,7.62657020629066,219.85,2.0411582338207728,0.0,7.901570759323111,2151.8478185929503,0.0,1,0
253,N,1,5.053056009980208,10.04076815807016,5196,155.5,1.378367907878485,0.0,7.8846952978357505,2469.7485500064263,0.0,1,0,5.7708178759923605,7.622174594817622,319.8,1.3201307818786772,0.0,7.88550428157547,2159.5349293261324,0.0,1,0
254,N,1,5.680172609017067,6.959398512133975,5197,292.0,1.3781761421446683,0.0,7.792831073043712,708.0371602664043,0.0,1,0,5.739149618493492,7.117205503164344,309.8,1.3198685355130508,0.0,7.793842270260111,964.6152520277243,0.0,0,0
255,N,0,5.552959584921617,6.949856455000773,5198,257.0,1.7802176101280214,0.0,7.811328657667025,1214.674514870033,0.0,1,0,5.8132346082172806,7.322510433997394,333.7,2.0411582338207728,0.0,7.812531571427952,1459.5669493481491,0.0,1,0
256,N,0,6.715383386334682,7.023758954738443,5199,824.0,1.7801603964014383,0.0,7.8311793242942365,2056.897474291652,0.0,1,0,6.722148331196653,7.498315870766982,829.5999999999998,2.0411582338207728,0.0,7.8306198649801315,1881.816568103177,0.0,1,0
257,N,1,6.703188113240862,7.037905963447182,5200,814.0,1.3779350360169584,0.0,7.813388551938705,2055.077017942445,0.0,1,0,6.750516502555644,7.499423290592228,853.5,1.3195311896547048,0.0,7.81437747189412,1879.3045839761926,0.0,1,0
258,N,1,6.11257537285704,7.236339342754344,5201,450.5,1.3777635956057417,0.0,7.672030807668198,1908.880022724268,0.0,1,0,6.314905819737557,7.5251007461257995,551.75,1.31936946288714,0.0,7.672679087113408,2142.328078310933,0.0,1,0
259,N,0,6.190315405853148,7.218176838403408,5202,487.0,1.7801603964014383,0.0,7.6553192152849245,1386.744784864693,0.0,1,0,5.994086107812934,7.582738488914411,400.05,2.0411582338207728,0.0,7.655778767161048,1629.5015587534726,0.0,1,0
260,N,0,5.918893854273146,7.23561914106675,5203,371.0,1.7801603964014383,0.0,7.570680648620748,714.2203806235652,0.0,1,0,5.8025714449309875,7.491645473605133,330.1500000000001,2.041158233820773,0.0,7.571716938949161,735.2903185093463,0.0,1,0
261,N,1,6.110358077048392,7.194436851100335,5204,449.5,1.3775542501077849,0.0,7.561999097519894,714.2203806235652,0.0,1,0,6.249009525139524,7.494986233950533,516.5,1.3191431213894245,0.0,7.563035693003338,735.2903185093463,0.0,1,0
262,N,0,5.700443573390688,6.938284484016959,5205,298.0,1.7801603964014383,0.0,7.547206789682733,14.03739316239316,0.0,1,0,5.5194589151915725,7.202661196523238,248.5,2.0411582338207728,0.0,7.5473150293144355,112.99216125868568,0.0,1,0
263,N,1,5.6240175061873385,6.920671504248682,5206,276.0,1.3773701619550756,0.0,7.5452553902995065,14.03739316239316,0.0,1,0,6.187545178872503,7.201170883281678,485.65,1.3189451452502174,0.0,7.545276490966656,112.99216125868568,0.0,1,0
264,N,0,5.879135362134062,6.576469569048223,5207,356.5,1.7801603964014383,0.0,7.510361525180088,12.009045584045587,0.0,1,0,5.797424597359829,6.841615476477593,328.44999999999993,2.0411582338207728,0.0,7.510339326853236,114.0247271605968,0.0,1,0
265,N,1,5.863631175598098,6.6039438246004725,5208,351.0,1.377215702790559,0.0,7.512443246346231,12.009045584045587,0.0,1,0,5.884575085429879,6.852242569051879,358.44999999999993,1.3187876208533984,0.0,7.512443246346231,114.0247271605968,0.0,1,0
266,N,0,5.499215308914927,6.2324480165505225,5209,243.5,1.7801603964014383,0.0,7.4015966416989425,455.18816613515264,0.0,1,0,5.385412073398969,6.495265555937007,217.2,2.041158233820773,0.0,7.399404243743287,414.38721883911455,0.0,1,0
267,N,1,5.543222409643758,6.210600077024652,5210,254.5,1.377006549250852,0.0,7.397426079621517,455.18816613515264,0.0,1,0,5.577463107977531,6.490723534502507,263.4,1.3185615070350205,0.0,7.395105945373992,414.38721883911455,0.0,1,0
268,N,0,5.8156219564117375,6.0591231955817975,5211,334.5,1.7800679839462503,0.0,7.453102127244046,453.5922259642127,0.0,1,0,5.651260355397091,6.516193076042964,283.65,2.0413553885262923,0.0,7.4524098757572474,431.7319251162284,0.0,1,0
269,N,1,5.731721843345442,6.07993319509559,5212,307.5,1.3767238048305983,0.0,7.43933250974818,453.5922259642127,0.0,1,0,5.679489782087157,6.472346294500902,291.7999999999999,1.318229764418556,0.0,7.438487521551982,431.7319251162284,0.0,1,0
270,N,0,5.779199113940956,6.4216222678065185,5213,322.5,1.7799887828237666,0.0,7.567927260333008,397.14276210921435,0.0,1,0,5.622391636440686,6.767343125265392,275.54999999999995,2.0415314621729967,0.0,7.568071705664614,447.5870961258434,0.0,1,0
271,N,1,5.880532986400699,6.42648845745769,5214,357.0,1.3765794111329048,0.0,7.576510087798509,397.14276210921435,0.0,1,0,5.718671087149953,6.756932389247552,303.5,1.3180387741291075,0.0,7.5764908791050365,447.5870961258434,0.0,1,0
272,N,0,6.4559844179974615,6.2402758451707685,5215,635.5,1.7799128900213828,0.0,7.727853229853577,452.20539636561693,0.0,1,0,6.007337896264273,6.669498089857878,405.4,2.041707576081833,0.0,7.728221167162981,492.42414790019205,0.0,1,0
273,N,1,6.142037405587356,6.210600077024652,5216,464.0,1.376445744402836,0.0,7.7104147258422335,444.2177754224261,0.0,1,0,6.001786096179853,6.655440350367647,403.1499999999999,1.3178683004242386,0.0,7.7107842929762365,482.4513650474758,0.0,1,0
274,N,0,4.990432586778736,7.325807502595773,5219,146.0,1.7802836316841777,0.0,7.8810704481561995,2151.842793351647,0.0,1,0,5.116795489924646,7.547501682814968,165.8,2.0411582338207728,0.0,7.881108372123491,1801.4908175950916,0.0,1,0
275,N,1,5.096812990337309,7.318539548567902,5220,162.5,1.378307010245249,0.0,7.864561597631068,1938.066442947906,0.0,1,0,5.895779296973574,7.545918151209322,362.5,1.3200449721400078,0.0,7.864662234959107,1577.9776794764057,0.0,1,0
276,N,0,5.739792912179233,6.091309882077698,5224,310.0,1.7801603964014383,0.0,7.370423694622892,478.52548314047345,0.0,1,0,5.910661133504377,6.272877006546168,367.95,2.0411582338207728,0.0,7.367851606439366,440.5050393451623,0.0,1,0
277,N,0,6.480811139196849,6.091309882077698,5224,651.5,1.7801603964014383,0.0,7.370423694622892,478.52548314047345,0.0,1,0,5.910661133504377,6.272877006546168,367.95,2.0411582338207728,0.0,7.367851606439366,440.5050393451623,0.0,1,0
278,N,1,5.688668836846152,6.089044875446847,5225,294.5,1.3768575338490157,0.0,7.364188236465957,539.9550911712253,0.0,1,0,5.708604164935415,6.267200548541362,300.4500000000001,1.318400051314364,0.0,7.362508374843578,484.51533442124656,0.0,1,0
279,N,1,6.309918278226516,6.089044875446847,5225,549.0,1.3768575338490157,0.0,7.364188236465957,539.9550911712253,0.0,1,0,5.708604164935415,6.267200548541362,300.4500000000001,1.318400051314364,0.0,7.362508374843578,484.51533442124656,0.0,1,0
280,N,1,6.280395838960196,9.363147292219939,5234,533.0,1.4706022478826264,0.0,7.713732858458064,628.4825638561364,0.0,0,0,6.635552777378742,9.844639476726922,760.6999999999998,1.5808132744702186,0.0,7.760436982792813,578.7295473690788,0.0,1,0
281,N,0,6.1862086239004945,9.353314540927288,5237,485.0,1.7465275114318928,0.0,7.697901657452481,628.4825638561364,0.0,1,0,6.526714454784497,9.8230364281385,682.1500000000002,2.0192103608110363,0.0,7.745314001695205,578.7295473690788,0.0,1,0
282,N,1,7.00850518208228,9.270682600982344,5239,1105.0,1.4705923943635653,1.0,7.878728692139722,5276.161031452175,0.0,0,0,7.026160343360759,9.622450022803015,1124.7,1.5810870537777415,1.0,8.108994632973317,3262.4530896734254,0.0,1,0
283,N,0,6.938769332511307,9.151014905891367,5240,1030.5,1.7465275114318928,1.0,7.882075651580751,5276.161031452175,0.0,1,0,7.2242070074299995,9.622450022803015,1371.25,2.0192425295857164,1.0,8.103070929320905,3065.967167380169,0.0,1,0
284,N,1,7.509883061154912,10.425757440186377,5417,1825.0,1.6463498958484035,0.0,8.376506360548477,25941.25749781112,8.460305329209191,0,0,7.551475842879723,10.806713308080845,1902.55,1.5835976373650091,0.0,8.418080085440991,25262.162192479365,8.755264763314685,0,0
285,N,1,7.114769448366463,10.560152267518658,5419,1229.0,1.6395944910827958,0.0,7.937188096794871,12085.86851230609,0.0,0,0,7.338238150065589,10.39314061106932,1536.9999999999993,1.5836104235871489,0.0,8.392280898257,11024.918334354255,0.0,0,0
286,N,1,7.3118861640771655,10.698943095669854,5727,1497.0,1.6461541251668081,0.0,8.288463328533853,12165.038695290368,8.848222068371385,1,0,7.517330615118105,10.598333289731654,1838.6500000000005,1.5836056600636494,0.0,8.66136505209226,10510.805778345368,8.752107198329362,1,0
287,N,1,7.530479995245536,11.38685190771486,5731,1863.0,1.646502987845906,0.0,7.360737023147412,24813.33173644273,9.35686202463895,0,0,6.7465296304829145,11.868268522341692,850.0999999999998,1.5835913696996096,0.0,7.348584615805348,26407.744294140542,9.091950902475961,0,0
288,N,1,7.5714736488512715,11.365839769265088,6992,1941.0,1.4682679440795632,1.0,6.320621290305805,17860.547076489016,9.09829086816756,0,0,7.362645270417825,11.689832389062685,1575.0,1.5835853527968708,0.0,6.8228207942087105,14545.408060815298,9.033662857567313,0,0
289,N,0,7.354682176897897,11.397985882865408,6994,1562.5,1.7465275114318928,0.0,7.364187403398683,24771.346235541547,9.35686202463895,1,0,7.021083964289139,11.878332175832407,1118.9999999999998,2.0250773829062827,0.0,7.352077108713522,26248.488437054628,9.091950902475961,1,0
290,N,0,7.638198244285777,10.425787098375746,6995,2075.0,1.7465275114318928,0.0,8.393864900968879,27001.717598346342,8.460305329209191,0,0,7.562889017343865,10.810354015162444,1924.4,2.0250773829062827,0.0,8.433190102568105,25154.69091856576,8.755264763314685,1,0
291,N,0,7.02509377139937,10.55448373083613,6996,1123.5,1.7465275114318928,0.0,7.943951808063371,12664.92117508297,0.0,1,0,7.2101535352695985,10.408103938824377,1352.1,2.0250773829062827,0.0,8.394494133487155,11149.093840439129,0.0,1,0
292,N,0,7.16123403009242,10.698107702026707,6997,1287.5,1.7465275114318926,0.0,8.294650794100933,12011.157712516133,8.848222068371385,0,0,7.1568784192552934,10.556749799397158,1281.9,2.0250773829062827,0.0,8.667632843601238,10321.408035032318,8.752107198329362,1,0
293,N,0,5.372960909543803,8.55468163582723,7145,214.5,1.7465275114318928,0.0,8.010735849513807,1.2145833333333331,0.0,1,0,5.703449085754963,8.885579291282983,298.9,2.0191883980792538,0.0,8.14621534799243,0.4004788784200549,0.0,1,0
294,N,0,7.729955087456696,11.368096205402036,7217,2274.5,1.7465275114318928,0.0,6.351242310045481,17860.547076489016,9.09829086816756,1,0,7.635183106018915,11.690343351735835,2068.75,2.0248763772771574,0.0,6.840724876727838,14545.408060815298,9.033662857567313,1,0
295,N,1,0.0,8.084562415235304,7318,0.0,1.3802913602769662,0.0,8.164538311928235,4120.153233647514,0.0,0,0,6.551294597801786,8.363342466597977,699.15,1.3221664189647515,0.0,8.172800485111066,2870.606188206207,0.0,0,0
