,STOP_ID,ROUTE_SHORT_NAME,DIR,STOP NAME,SEQ,Stop Latitude, Total Alightings ,Stop Longitude, Total Boardings ,HEADWAY_S,EOL,SOL,STOP_LAT,STOP_LON,DWELL_S,RUNTIME_S,TOTTIME_S,SERVMILES_S,RUNSPEED_S,TOTSPEED_S,geometry
327,5184,E,0,,1,,,,,17.00744417,0,1,37.807132,-122.417324,0,0,0,0,0,0,POINT (-122.417324 37.807132)
308,3092,E,0,,2,,,,,17.0287574,0,0,37.807407,-122.414125,0,45.38,45.38,4.576,6.05,6.05,POINT (-122.414125 37.807407)
309,3095,E,0,,3,,,,,16.94485294,0,0,37.807841,-122.41081,0,63.62,63.62,6.584,6.21,6.21,POINT (-122.41081 37.807841)
312,4502,E,0,,4,,,,,17.06710059,0,0,37.806629,-122.40603,0,66.84,66.84,7.15,6.42,6.42,POINT (-122.40603 37.806629)
321,4529,E,0,,5,,,,,17.07831361,0,0,37.805022,-122.403314,0,42.85,42.85,4.81,6.74,6.74,POINT (-122.403314 37.805022)
318,4516,E,0,,6,,,,,17.08991124,0,0,37.80296,-122.401029,0,43.73,43.73,4.914,6.74,6.74,POINT (-122.401029 37.80296)
320,4518,E,0,,7,,,,,17.10189349,0,0,37.800605,-122.39892,0,45.65,45.65,5.174,6.8,6.8,POINT (-122.39892 37.800605)
314,4504,E,0,,8,,,,,17.11026627,0,0,37.798901,-122.397434,0,32.8,32.8,3.718,6.8,6.8,POINT (-122.397434 37.798901)
324,4534,E,0,,9,,,,,17.12266272,0,0,37.796355,-122.395181,0,49.37,49.37,5.59,6.79,6.79,POINT (-122.395181 37.796355)
335,7283,E,0,,10,,,,,16.94669118,0,0,37.794828,-122.39377,0,119.77,119.77,13.758,6.89,6.89,POINT (-122.39377 37.794828)
339,7794,E,0,,11,,,,,16.94669118,0,0,37.789597,-122.388626,0,136,136,15.572,6.87,6.87,POINT (-122.388626 37.789597)
315,4506,E,0,,12,,,,,17.13017751,0,0,37.784359,-122.388138,0,82.42,82.42,9.412,6.85,6.85,POINT (-122.388138 37.784359)
329,5234,E,0,,13,,,,,17.13017751,0,0,37.77972,-122.389872,0,77.48,77.48,8.684,6.72,6.72,POINT (-122.389872 37.77972)
331,5239,E,0,,14,,,,,17.04094828,1,0,37.776269,-122.394173,0,101.1,101.1,11.614,6.89,6.89,POINT (-122.394173 37.776269)
336,7366,E,0,,15,,,,,16.5,0,0,37.776153,-122.393944,0,45,45,4.86,6.48,6.48,POINT (-122.393944 37.776153)
337,7440,E,0,,17,,,,,16.5,1,0,37.752871,-122.38688,0,50,50,8.255,9.91,9.91,POINT (-122.38688 37.752871)
338,7440,E,1,,1,,,,,17.7,0,1,37.752871,-122.38688,0,0,0,0,0,0,POINT (-122.38688 37.752871)
332,5240,E,1,,3,,,,,16.9204244,0,1,37.776269,-122.394082,0,0,0,0,0,0,POINT (-122.394082 37.776269)
330,5237,E,1,,5,,,,,16.92756989,0,0,37.779621,-122.389824,0,88.61,88.61,13.216,8.95,8.95,POINT (-122.389824 37.779621)
333,7145,E,1,,6,,,,,16.92688172,0,0,37.784627,-122.387977,0,76.59,76.59,11.16,8.74,8.74,POINT (-122.387977 37.784627)
340,7795,E,1,,7,,,,,16.84742647,0,0,37.789677,-122.388535,0,127.78,127.78,18.47,8.67,8.67,POINT (-122.388535 37.789677)
316,4513,E,1,,8,,,,,16.84742647,0,0,37.795105,-122.393861,0,170,170,16.116,5.69,5.69,POINT (-122.393861 37.795105)
323,4532,E,1,,9,,,,,16.93129032,0,0,37.797085,-122.39567,0,51.69,51.69,5.239,6.08,6.08,POINT (-122.39567 37.797085)
313,4503,E,1,,10,,,,,16.93716129,0,0,37.799552,-122.397869,0,63.96,63.96,6.448,6.05,6.05,POINT (-122.397869 37.799552)
319,4517,E,1,,11,,,,,16.94154839,0,0,37.801264,-122.399369,0,43.86,43.86,4.464,6.11,6.11,POINT (-122.399369 37.801264)
317,4515,E,1,,12,,,,,16.94595699,0,0,37.803263,-122.401113,0,51.07,51.07,5.208,6.12,6.12,POINT (-122.401113 37.803263)
334,7281,E,1,,13,,,,,16.95070968,0,0,37.805146,-122.403233,0,53.14,53.14,5.394,6.09,6.09,POINT (-122.403233 37.805146)
311,4501,E,1,,14,,,,,16.95688172,0,0,37.806945,-122.406278,0,63.3,63.3,6.448,6.11,6.11,POINT (-122.406278 37.806945)
322,4530,E,1,,15,,,,,16.88051471,0,0,37.808351,-122.410287,0,111.11,111.11,11.286,6.09,6.09,POINT (-122.410287 37.808351)
310,3095,E,1,,16,,,,,16,1,0,37.807841,-122.41081,0,12,12,0.135,0.68,0.68,POINT (-122.41081 37.807841)
325,5174,E,1,,17,,,,,16.96172043,0,0,37.808594,-122.413357,0,56.52,56.52,5.239,5.56,5.56,POINT (-122.413357 37.808594)
326,5175,E,1,,18,,,,,16.96068817,0,0,37.80832,-122.415514,0,39.76,39.76,3.72,5.61,5.61,POINT (-122.415514 37.80832)
328,5184,E,1,,19,,,,,16.96344086,1,0,37.807132,-122.417324,0,58.74,58.74,3.999,4.08,4.08,POINT (-122.417324 37.807132)
362,5184,F,0,,12,,,,,7.720081136,0,1,37.807132,-122.417324,0,0,0,0,0,0,POINT (-122.417324 37.807132)
341,3092,F,0,,13,,,,,7.72334911,0,0,37.807407,-122.414125,0,253.5,253.5,26.928,6.37,6.37,POINT (-122.414125 37.807407)
342,3095,F,0,,14,,,,,7.726617084,0,0,37.807841,-122.41081,0,253.5,253.5,28.152,6.66,6.66,POINT (-122.41081 37.807841)
346,4502,F,0,,15,,,,,7.72242957,0,0,37.806629,-122.40603,0,349.28,349.28,42.075,7.23,7.23,POINT (-122.40603 37.806629)
354,4529,F,0,,16,,,,,7.71965968,0,0,37.805022,-122.403314,0,223.42,223.42,28.305,7.6,7.6,POINT (-122.403314 37.805022)
351,4516,F,0,,17,,,,,7.717151228,0,0,37.80296,-122.401029,0,228.56,228.56,28.917,7.59,7.59,POINT (-122.401029 37.80296)
353,4518,F,0,,18,,,,,7.714180753,0,0,37.800605,-122.39892,0,239.13,239.13,30.447,7.64,7.64,POINT (-122.39892 37.800605)
348,4504,F,0,,19,,,,,7.712152355,0,0,37.798901,-122.397434,0,170.14,170.14,21.879,7.72,7.72,POINT (-122.397434 37.798901)
357,4534,F,0,,20,,,,,7.709109759,0,0,37.796355,-122.395181,0,256.74,256.74,32.895,7.69,7.69,POINT (-122.395181 37.796355)
399,7283,F,0,,21,,,,,7.707216588,0,0,37.794828,-122.39377,0,156.77,156.77,20.043,7.67,7.67,POINT (-122.39377 37.794828)
358,4726,F,0,,22,,,,,7.340711549,0,1,37.794052,-122.393449,0,106.8,106.8,8.568,4.81,4.81,POINT (-122.393449 37.794052)
379,5669,F,0,,23,,,,,7.342560664,0,0,37.793473,-122.396178,0,404.42,404.42,26.97,4,4,POINT (-122.396178 37.793473)
374,5657,F,0,,24,,,,,7.336526181,0,0,37.79111,-122.399069,0,443.58,443.58,39.498,5.34,5.34,POINT (-122.399069 37.79111)
364,5639,F,0,,25,,,,,7.336526181,0,0,37.789353,-122.401306,0,239.25,239.25,29.928,7.51,7.51,POINT (-122.401306 37.789353)
384,5678,F,0,,26,,,,,7.336526181,0,0,37.78773,-122.40337,0,220.27,220.27,27.666,7.54,7.54,POINT (-122.40337 37.78773)
394,5694,F,0,,27,,,,,7.336526181,0,0,37.785777,-122.405859,0,257.66,257.66,33.408,7.78,7.78,POINT (-122.405859 37.785777)
372,5655,F,0,,28,,,,,7.33462963,0,0,37.784082,-122.407992,0,270.62,270.62,28.71,6.37,6.37,POINT (-122.407992 37.784082)
395,5695,F,0,,29,,,,,7.332675607,0,0,37.782316,-122.410228,0,270.62,270.62,30.102,6.67,6.67,POINT (-122.410228 37.782316)
373,5656,F,0,,30,,,,,7.330779055,0,0,37.780568,-122.412441,0,270.62,270.62,29.754,6.6,6.6,POINT (-122.412441 37.780568)
383,5676,F,0,,31,,,,,7.32916986,0,0,37.779105,-122.414379,0,220.3,220.3,25.404,6.92,6.92,POINT (-122.414379 37.779105)
385,5680,F,0,,32,,,,,7.327503193,0,0,37.777598,-122.416236,0,218.36,218.36,25.23,6.93,6.93,POINT (-122.416236 37.777598)
396,5696,F,0,,33,,,,,7.325031928,0,0,37.775198,-122.419252,0,348.99,348.99,40.716,7,7,POINT (-122.419252 37.775198)
380,5672,F,0,,34,,,,,7.325031928,0,0,37.773269,-122.421768,0,280.78,280.78,33.234,7.1,7.1,POINT (-122.421768 37.773269)
386,5681,F,0,,35,,,,,7.325031928,0,0,37.770953,-122.424666,0,321.58,321.58,39.15,7.3,7.3,POINT (-122.424666 37.770953)
375,5659,F,0,,36,,,,,7.325031928,0,0,37.769786,-122.426149,0,159.92,159.92,19.836,7.44,7.44,POINT (-122.426149 37.769786)
376,5661,F,0,,37,,,,,7.325031928,0,0,37.767661,-122.428824,0,279.85,279.85,36.018,7.72,7.72,POINT (-122.428824 37.767661)
391,5690,F,0,,38,,,,,7.322132822,0,0,37.766185,-122.430707,0,285.34,285.34,25.23,5.31,5.31,POINT (-122.430707 37.766185)
389,5686,F,0,,39,,,,,7.319118774,0,0,37.764489,-122.432812,0,292.15,292.15,28.536,5.86,5.86,POINT (-122.432812 37.764489)
343,3311,F,0,,40,,,,,7.313537676,1,0,37.762576,-122.434979,0,445.51,445.51,30.798,4.15,4.15,POINT (-122.434979 37.762576)
344,3311,F,1,,22,,,,,9.546769719,0,1,37.762576,-122.434979,0,0,0,0,0,0,POINT (-122.434979 37.762576)
390,5687,F,1,,23,,,,,9.54682719,0,0,37.763958,-122.433323,0,203.35,203.35,22.968,6.78,6.78,POINT (-122.433323 37.763958)
392,5691,F,1,,24,,,,,9.546769719,0,0,37.765689,-122.43114,0,224.24,224.24,29.406,7.87,7.87,POINT (-122.43114 37.765689)
377,5662,F,1,,25,,,,,9.546769719,0,0,37.767411,-122.42903,0,206.41,206.41,28.884,8.4,8.4,POINT (-122.42903 37.767411)
378,5668,F,1,,26,,,,,9.543091558,0,0,37.76888,-122.427103,0,239.14,239.14,25.404,6.37,6.37,POINT (-122.427103 37.76888)
382,5675,F,1,,27,,,,,9.539413397,0,0,37.77057,-122.424971,0,247.1,247.1,28.71,6.97,6.97,POINT (-122.424971 37.77057)
381,5673,F,1,,28,,,,,9.534240983,0,0,37.772875,-122.421991,0,342.72,342.72,39.672,6.95,6.95,POINT (-122.421991 37.772875)
393,5692,F,1,,29,,,,,9.529528339,0,0,37.775056,-122.419321,0,324.76,324.76,36.54,6.75,6.75,POINT (-122.419321 37.775056)
371,5652,F,1,,30,,,,,9.524355925,0,0,37.77741,-122.41634,0,325.98,325.98,40.02,7.37,7.37,POINT (-122.41634 37.77741)
370,5651,F,1,,31,,,,,9.521712247,0,0,37.778606,-122.414826,0,165.14,165.14,20.358,7.4,7.4,POINT (-122.414826 37.778606)
369,5650,F,1,,32,,,,,9.518034086,0,0,37.780363,-122.412613,0,245.8,245.8,29.754,7.26,7.26,POINT (-122.412613 37.780363)
368,5647,F,1,,33,,,,,9.510432025,0,0,37.782102,-122.4104,0,291.37,291.37,29.58,6.09,6.09,POINT (-122.4104 37.782102)
367,5645,F,1,,34,,,,,9.502538644,0,0,37.783886,-122.408141,0,298.74,298.74,30.276,6.08,6.08,POINT (-122.408141 37.783886)
366,5643,F,1,,35,,,,,9.494649227,0,0,37.785705,-122.405847,0,300.64,300.64,30.798,6.15,6.15,POINT (-122.405847 37.785705)
365,5640,F,1,,36,,,,,9.486234641,0,0,37.787525,-122.403519,0,299.04,299.04,31.146,6.25,6.25,POINT (-122.403519 37.787525)
388,5685,F,1,,37,,,,,9.481442727,0,0,37.788613,-122.402163,0,171.76,171.76,18.444,6.44,6.44,POINT (-122.402163 37.788613)
397,7264,F,1,,38,,,,,9.471264368,0,0,37.79094,-122.399195,0,376.48,376.48,39.672,6.32,6.32,POINT (-122.399195 37.79094)
387,5682,F,1,,39,,,,,9.461506639,0,0,37.792984,-122.396627,0,417.49,417.49,34.626,4.98,4.98,POINT (-122.396627 37.792984)
359,4727,F,1,,40,,,,,9.44931629,0,0,37.793918,-122.393438,0,518.51,518.51,32.364,3.75,3.75,POINT (-122.393438 37.793918)
349,4513,F,1,,41,,,,,7.792843137,0,0,37.795105,-122.393861,0,127.52,127.52,13.005,6.12,6.12,POINT (-122.393861 37.795105)
356,4532,F,1,,42,,,,,7.793480392,0,0,37.797085,-122.39567,0,202.81,202.81,25.857,7.65,7.65,POINT (-122.39567 37.797085)
347,4503,F,1,,43,,,,,7.794117647,0,0,37.799552,-122.397869,0,251.2,251.2,31.824,7.6,7.6,POINT (-122.397869 37.799552)
352,4517,F,1,,44,,,,,7.794607843,0,0,37.801264,-122.399369,0,172.14,172.14,22.032,7.68,7.68,POINT (-122.399369 37.801264)
350,4515,F,1,,45,,,,,7.795179739,0,0,37.803263,-122.401113,0,200.98,200.98,25.704,7.67,7.67,POINT (-122.401113 37.803263)
398,7281,F,1,,46,,,,,7.795849673,0,0,37.805146,-122.403233,0,208.4,208.4,26.622,7.66,7.66,POINT (-122.403233 37.805146)
345,4501,F,1,,47,,,,,7.796486928,0,0,37.806945,-122.406278,0,247.59,247.59,31.824,7.71,7.71,POINT (-122.406278 37.806945)
355,4530,F,1,,48,,,,,7.797385621,0,0,37.808351,-122.410287,0,296.27,296.27,36.72,7.44,7.44,POINT (-122.410287 37.808351)
360,5174,F,1,,49,,,,,7.797385621,0,0,37.808594,-122.413357,0,279.92,279.92,25.857,5.54,5.54,POINT (-122.413357 37.808594)
361,5175,F,1,,50,,,,,7.797385621,0,0,37.80832,-122.415514,0,197.27,197.27,18.36,5.58,5.58,POINT (-122.415514 37.80832)
363,5184,F,1,,51,,,,,7.797385621,1,0,37.807132,-122.417324,0,271.97,271.97,19.737,4.35,4.35,POINT (-122.417324 37.807132)
262,7217,J,0,Metro Embarcadero Station,2,37.79315,1.7,-122.39643,1136.2,11.28590476,0,1,37.793152,-122.396431,0,0,0,0,0,0,POINT (-122.396431 37.793152)
226,6994,J,0,Metro Montgomery Station/Outbound,3,37.78879,67.5,-122.40213,1123.1,11.28590476,0,0,37.788791,-122.402127,0,140.29,140.29,45.465,19.44,19.44,POINT (-122.402127 37.788791)
231,6995,J,0,Metro Powell Station/Outbound,4,37.7843,255,-122.40782,1505.1,11.28590476,0,0,37.7843,-122.407822,0,144.5,144.5,46.095,19.14,19.14,POINT (-122.407822 37.7843)
241,6997,J,0,Metro Civic Center Station/Outbd,5,37.778675,373.5,-122.41499,669.8,11.28590476,0,0,37.778675,-122.414995,0,181.28,181.28,57.96,19.18,19.18,POINT (-122.414995 37.778675)
236,6996,J,0,Van Ness Station Outbound,6,37.77523,844.3,-122.41934,630.3,11.28590476,0,0,37.775234,-122.41934,0,112.45,112.45,35.28,18.82,18.82,POINT (-122.41934 37.775234)
400,7859,J,0,,7,,,,,11.25,0,0,37.769463,-122.429122,0,315,315,70.035,13.34,13.34,POINT (-122.429122 37.769463)
268,7316,J,0,Church St & 14th St,8,37.767784,947.3,-122.42899,739.1,11.25071429,0,0,37.767786,-122.428996,0,102.16,102.16,12.992,7.63,7.63,POINT (-122.428996 37.767786)
28,3984,J,0,Church St & 16th St,9,37.76462,385.9,-122.42872,298.3,11.25241071,0,0,37.764621,-122.428722,0,195.27,195.27,24.528,7.54,7.54,POINT (-122.428722 37.764621)
30,3987,J,0,Church St & 18th St,10,37.761467,447.1,-122.42841,409.6,11.25401786,0,0,37.761467,-122.428416,0,195.27,195.27,24.416,7.5,7.5,POINT (-122.428416 37.761467)
148,6214,J,0,Right Of Way/20th St,11,37.758263,311.7,-122.42792,89.8,11.255625,0,0,37.758264,-122.427924,0,200.87,200.87,24.976,7.46,7.46,POINT (-122.427924 37.758264)
155,6221,J,0,Right Of Way/Liberty St,12,37.75745,119.8,-122.427,42.2,11.25625,0,0,37.757451,-122.426999,0,77.38,77.38,8.512,6.6,6.6,POINT (-122.426999 37.757451)
150,6216,J,0,Right Of Way/21st St,13,37.756645,185.1,-122.42692,7,11.25651786,0,0,37.756643,-122.426922,0,47.92,47.92,6.272,7.85,7.85,POINT (-122.426922 37.756643)
152,6218,J,0,Right Of Way/22nd St,14,37.75461,241.7,-122.42775,47.1,11.25758929,0,0,37.754607,-122.42775,0,138.88,138.88,16.576,7.16,7.16,POINT (-122.42775 37.754607)
32,3995,J,0,Church St & 24th St,15,37.7518,807.7,-122.4275,185.6,11.25892857,0,0,37.7518,-122.427497,0,179.91,179.91,21.728,7.25,7.25,POINT (-122.427497 37.7518)
39,4002,J,0,Church St & Clipper St,16,37.74939,234.3,-122.427284,66.4,11.26254464,0,0,37.749388,-122.427289,0,164.37,164.37,18.704,6.83,6.83,POINT (-122.427289 37.749388)
34,3997,J,0,Church St & 27th St,17,37.746983,312.2,-122.42707,54.2,11.26602679,0,0,37.746985,-122.427073,0,164.37,164.37,18.592,6.79,6.79,POINT (-122.427073 37.746985)
41,4004,J,0,Church St & Day St,18,37.742813,470.5,-122.42666,87.8,11.27232143,0,0,37.742811,-122.426654,0,287.77,287.77,32.368,6.75,6.75,POINT (-122.426654 37.742811)
11,3538,J,0,30th St & Dolores St,19,37.74217,150.1,-122.42445,50.3,11.27388393,0,0,37.74217,-122.424457,0,102.87,102.87,14.336,8.36,8.36,POINT (-122.424457 37.74217)
169,6280,J,0,San Jose Ave & Randall St,20,37.739384,170.5,-122.42432,57.3,11.27633929,0,0,37.739385,-122.42432,0,174.99,174.99,21.504,7.37,7.37,POINT (-122.42432 37.739385)
52,4788,J,0,San Jose Ave/Glen Park Station,21,37.7324,124.9,-122.43385,65.6,11.28357143,0,0,37.732401,-122.433855,0,467.42,467.42,79.52,10.21,10.21,POINT (-122.433855 37.732401)
171,6285,J,0,San Jose Ave & Santa Rosa Ave,22,37.728996,191.7,-122.44002,39.1,11.28776786,0,0,37.728996,-122.440016,0,272.23,272.23,46.032,10.15,10.15,POINT (-122.440016 37.728996)
172,6287,J,0,San Jose Ave & Santa Ynez Ave,23,37.725876,121.4,-122.44236,26.3,11.29044643,0,0,37.725877,-122.442359,0,160.05,160.05,28,10.5,10.5,POINT (-122.442359 37.725877)
166,6274,J,0,San Jose Ave & Ocean Ave,24,37.723083,267.1,-122.444695,16.4,11.29285714,0,0,37.723085,-122.444699,0,148.52,148.52,25.872,10.45,10.45,POINT (-122.444699 37.723085)
260,7155,J,0,SAN JOSE AVE & GENEVA AVE,25,37.72191,261.6,-122.44744,1.9,11.29464286,1,0,37.721907,-122.447436,0,138.35,138.35,19.152,8.31,8.31,POINT (-122.447436 37.721907)
38,4001,J,0,Church St & 30th St,,37.742096,77.8,-122.42653,22.4,,,,,,,,,,,,POINT (nan nan)
306,7778,J,1,San Jose Ave & Geneva Ave,1,37.72124,2.8,-122.44622,416.5,16.40707965,0,1,37.721238,-122.446222,0,0,0,0,0,0,POINT (-122.446222 37.721238)
167,6275,J,1,San Jose Ave & Ocean Ave,2,37.722862,20.9,-122.44479,338.3,16.40831858,0,0,37.722862,-122.44479,0,71.88,71.88,15.481,12.92,12.92,POINT (-122.44479 37.722862)
173,6288,J,1,San Jose Ave & Santa Ynez Ave,3,37.72568,48.6,-122.44244,181.2,16.41045512,0,0,37.725681,-122.442442,0,122.29,122.29,26.329,12.92,12.92,POINT (-122.442442 37.725681)
170,6284,J,1,San Jose Ave & Santa Rosa Ave,4,37.728992,34,-122.43992,245,16.41288243,0,0,37.728991,-122.439922,0,139.57,139.57,30.171,12.97,12.97,POINT (-122.439922 37.728991)
51,4787,J,1,San Jose Ave/Glen Park Station,5,37.732525,114.3,-122.43342,113.6,16.41692794,0,0,37.732525,-122.433416,0,232.79,232.79,48.816,12.58,12.58,POINT (-122.433416 37.732525)
168,6277,J,1,San Jose Ave & Randall St,6,37.73974,91,-122.42416,139.6,16.42360303,0,0,37.739741,-122.424157,0,382.23,382.23,80.23,12.59,12.59,POINT (-122.424157 37.739741)
10,3537,J,1,30th St & Dolores St,7,37.742306,101.4,-122.42403,249,16.42562579,0,0,37.742304,-122.424026,0,116.96,116.96,20.001,10.26,10.26,POINT (-122.424026 37.742304)
37,4000,J,1,Church St & 30th St,8,37.742226,39,-122.42645,351.5,16.42730721,0,0,37.742222,-122.426459,0,81.28,81.28,15.029,11.09,11.09,POINT (-122.426459 37.742222)
36,3999,J,1,Church St & 29th St,9,37.743587,27,-122.42658,356,16.4274842,0,0,37.743587,-122.426585,0,74.48,74.48,10.622,8.56,8.56,POINT (-122.426585 37.743587)
35,3998,J,1,Church St & 27th St,10,37.74678,36.7,-122.426895,426.1,16.42757269,0,0,37.746781,-122.426893,0,176.04,176.04,24.973,8.51,8.51,POINT (-122.426893 37.746781)
40,4003,J,1,Church St & Clipper St,11,37.749184,49.7,-122.42712,285.7,16.42757269,0,0,37.749182,-122.427122,0,132.01,132.01,18.758,8.53,8.53,POINT (-122.427122 37.749182)
33,3996,J,1,Church St & 24th St,12,37.75159,201.4,-122.42735,687.2,16.42730721,0,0,37.751591,-122.42735,0,137.58,137.58,18.871,8.23,8.23,POINT (-122.42735 37.751591)
31,3994,J,1,Church St & 22nd St,13,37.754784,118.5,-122.42766,282.2,16.42881163,0,0,37.754785,-122.427659,0,161.97,161.97,24.973,9.25,9.25,POINT (-122.427659 37.754785)
151,6217,J,1,Right Of Way/21st St,14,37.756435,40.2,-122.42683,108.2,16.42969659,0,0,37.756436,-122.426822,0,93.88,93.88,13.899,8.88,8.88,POINT (-122.426822 37.756436)
156,6222,J,1,Right Of Way/Liberty St,15,37.75724,18,-122.426865,81,16.42996207,0,0,37.757239,-122.426867,0,40.63,40.63,6.215,9.18,9.18,POINT (-122.426867 37.757239)
149,6215,J,1,Right Of Way/20th St,16,37.75823,152.6,-122.427795,295.7,16.43058154,0,0,37.758229,-122.427795,0,72.88,72.88,9.605,7.91,7.91,POINT (-122.427795 37.758229)
147,6213,J,1,Right Of Way/18th St,17,37.761192,420.2,-122.428185,744.5,16.43190898,0,0,37.761192,-122.428184,0,149.98,149.98,23.165,9.27,9.27,POINT (-122.428184 37.761192)
29,3985,J,1,Church St & 16th St,18,37.764385,300.1,-122.42861,336.7,16.4335019,0,0,37.764382,-122.428609,0,164.59,164.59,24.973,9.1,9.1,POINT (-122.428609 37.764382)
250,7073,J,1,Church St & Market St,19,37.76751,425.6,-122.428925,487.6,16.43500632,0,0,37.767509,-122.428927,0,158.55,158.55,24.408,9.24,9.24,POINT (-122.428927 37.767509)
42,4006,J,1,Church St & Duboce Ave,20,37.769302,543.3,-122.429085,521.2,16.43615676,1,0,37.769302,-122.429087,0,97.16,97.16,14.012,8.65,8.65,POINT (-122.429087 37.769302)
102,5419,J,1,Metro Van Ness Station,21,37.775127,587.9,-122.41925,796.8,11.24299065,0,0,37.775127,-122.419252,0,461,461,71.904,9.36,9.36,POINT (-122.419252 37.775127)
110,5727,J,1,Metro Civic Center Station/Downtn,22,37.778545,778.7,-122.41482,319.6,11.24299065,0,0,37.778542,-122.414813,0,102.85,102.85,36.166,21.1,21.1,POINT (-122.414813 37.778542)
96,5417,J,1,Metro Powell Station/Downtown,23,37.7842,1170.7,-122.4077,348.9,11.24299065,0,0,37.784199,-122.407695,0,169.79,169.79,58.957,20.83,20.83,POINT (-122.407695 37.784199)
121,5731,J,1,Metro Montgomery Station/Downtown,24,37.788704,1601.6,-122.40193,111.8,11.24299065,0,0,37.788702,-122.401925,0,135.25,135.25,47.401,21.03,21.03,POINT (-122.401925 37.788702)
218,6992,J,1,Metro Embarcadero Station,25,37.793137,1299.6,-122.39643,,11.24299065,1,0,37.793134,-122.396431,0,133.11,133.11,45.903,20.69,20.69,POINT (-122.396431 37.793134)
298,7398,KT,0,Bay Shore Blvd & Sunnydale Ave,1,37.708942,,-122.40504,288.6,17.3796748,0,1,37.708944,-122.405044,0,0,0,0,0,0,POINT (-122.405044 37.708944)
299,7399,KT,0,Bay Shore Blvd/Arleta/Blanken,2,37.712223,24,-122.402336,752.9,17.37804878,0,0,37.712226,-122.402339,0,151.46,151.46,33.333,13.2,13.2,POINT (-122.402339 37.712226)
300,7400,KT,0,Third Street & Le Conte Ave,3,37.718807,168.6,-122.39747,318.7,17.37479675,0,0,37.718809,-122.397468,0,295.54,295.54,64.821,13.16,13.16,POINT (-122.397468 37.718809)
275,7347,KT,0,Third Street/Gilman/Paul,4,37.722446,173.7,-122.39561,795,17.37317073,0,0,37.722449,-122.39561,0,149,149,33.333,13.42,13.42,POINT (-122.39561 37.722449)
271,7343,KT,0,Third Street & Carroll Ave,5,37.72549,131.9,-122.394226,429.7,17.36900661,0,0,37.725491,-122.394222,0,152.96,152.96,27.429,10.76,10.76,POINT (-122.394222 37.725491)
273,7345,KT,0,Third Street & Williams Ave,6,37.729294,219.3,-122.39261,594,17.36380335,0,0,37.729291,-122.392604,0,191.2,191.2,34.071,10.69,10.69,POINT (-122.392604 37.729291)
301,7401,KT,0,Third Street/Revere/Shafter,7,37.732265,339.6,-122.3915,484.2,17.35980183,0,0,37.732262,-122.391502,0,147.29,147.29,26.322,10.72,10.72,POINT (-122.391502 37.732262)
302,7402,KT,0,Third Street/Oakdale/Palou,8,37.73436,563.5,-122.39083,626.7,17.35716463,0,0,37.734358,-122.390836,0,107.12,107.12,18.327,10.27,10.27,POINT (-122.390836 37.734358)
303,7403,KT,0,Third Street/Kirkwood/La Salle,9,37.73764,131,-122.38969,580.6,17.35529472,0,0,37.737641,-122.389688,0,156.16,156.16,28.905,11.11,11.11,POINT (-122.389688 37.737641)
304,7404,KT,0,Third Street/Hudson/Innes,10,37.739918,139.9,-122.38888,296.6,17.3540752,0,0,37.739916,-122.388884,0,107.94,107.94,20.049,11.14,11.14,POINT (-122.388884 37.739916)
276,7352,KT,0,Third Street & Evans Ave,11,37.74273,267.4,-122.38792,299.7,17.35253049,0,0,37.742726,-122.38792,0,133.71,133.71,24.723,11.09,11.09,POINT (-122.38792 37.742726)
277,7353,KT,0,Third Street & Marin St,12,37.749,145.2,-122.38745,259.6,17.34903455,0,0,37.748999,-122.387445,0,297.19,297.19,53.259,10.75,10.75,POINT (-122.387445 37.748999)
404,7440,KT,0,,13,,,,,62.38030096,0,1,37.752871,-122.38688,0,33,33,2.959,5.38,5.38,POINT (-122.38688 37.752871)
278,7354,KT,0,Third Street & 23rd St,14,37.755417,166.7,-122.388,466.8,17.50332126,0,0,37.755414,-122.388001,0,258.18,258.18,55.568,12.91,12.91,POINT (-122.388001 37.755414)
279,7355,KT,0,Third Street & 20th St,15,37.76052,441.1,-122.38856,546.4,17.50332126,0,0,37.760518,-122.388558,0,243.82,243.82,50.832,12.51,12.51,POINT (-122.388558 37.760518)
280,7356,KT,0,Third Street & Mariposa St,16,37.764393,88,-122.388855,438.8,17.51230072,0,0,37.764391,-122.388853,0,229.14,229.14,38.592,10.11,10.11,POINT (-122.388853 37.764391)
281,7357,KT,0,UCSF/Mission Bay,17,37.769047,120.2,-122.38931,767.9,17.522968,0,0,37.769049,-122.389308,0,276.27,276.27,46.368,10.07,10.07,POINT (-122.389308 37.769049)
282,7358,KT,0,Third Street & Mission Rock St,18,37.77299,96.9,-122.38972,329.9,17.53217391,0,0,37.772993,-122.389717,0,233.28,233.28,39.312,10.11,10.11,POINT (-122.389717 37.772993)
401,5240,KT,0,,20,,,,,39.94782353,0,0,37.776269,-122.394082,0,22.76,22.76,5.593,14.74,14.74,POINT (-122.394082 37.776269)
261,7166,KT,0,4th St & King St,21,37.77628,973.3,-122.39387,922.5,17.54528986,0,0,37.776278,-122.393864,0,317.37,317.37,40.971,7.75,7.75,POINT (-122.393864 37.776278)
92,5237,KT,0,King St & 2nd St,22,37.77962,242.7,-122.389824,874.3,14.56298001,0,0,37.779621,-122.389824,0,279.55,279.55,40.513,8.7,8.7,POINT (-122.389824 37.779621)
258,7145,KT,0,The Embarcadero & Brannan St,23,37.78463,174,-122.38798,293.9,14.57110842,0,0,37.784627,-122.387977,0,319.17,319.17,45.72,8.59,8.59,POINT (-122.387977 37.784627)
49,4510,KT,0,The Embarcadero & Folsom St,24,37.79075,832.4,-122.38984,550.3,14.58086008,0,0,37.790749,-122.389841,0,395.14,395.14,55.118,8.37,8.37,POINT (-122.389841 37.790749)
263,7217,KT,0,Metro Embarcadero Station,26,37.79315,2277.2,-122.39643,1273.6,14.6839701,1,0,37.793152,-122.396431,0,716,716,50.419,4.23,4.23,POINT (-122.396431 37.793152)
227,6994,KT,0,Metro Montgomery Station/Outbound,27,37.78879,983.3,-122.40213,1436.9,10.79834161,0,0,37.788791,-122.402127,0,168.76,168.76,49.795,17.7,17.7,POINT (-122.402127 37.788791)
232,6995,KT,0,Metro Powell Station/Outbound,28,37.7843,1147.6,-122.40782,1861.7,10.79784472,0,0,37.7843,-122.407822,0,149.83,149.83,50.485,20.22,20.22,POINT (-122.407822 37.7843)
242,6997,KT,0,Metro Civic Center Station/Outbd,29,37.778675,941.5,-122.41499,1019.7,10.79724845,0,0,37.778675,-122.414995,0,187.94,187.94,63.48,20.27,20.27,POINT (-122.414995 37.778675)
237,6996,KT,0,Van Ness Station Outbound,30,37.77523,930.9,-122.41934,912.9,10.79704969,0,0,37.775234,-122.41934,0,119.49,119.49,38.64,19.4,19.4,POINT (-122.41934 37.775234)
246,6998,KT,0,Metro Church Station/Outbound,31,37.767326,940.6,-122.42932,442.2,10.79704969,0,0,37.767327,-122.429321,0,156.77,156.77,88.78,33.98,33.98,POINT (-122.429321 37.767327)
215,6991,KT,0,Metro Castro Station/Outbound,32,37.762684,1355.4,-122.43529,258.7,10.79704969,0,0,37.762683,-122.435289,0,94.23,94.23,52.67,33.54,33.54,POINT (-122.435289 37.762683)
223,6993,KT,0,Forest Hill Station Outbound,33,37.74817,727.8,-122.45919,169.1,10.78746273,0,0,37.74817,-122.459192,0,808.6,808.6,189.52,14.06,14.06,POINT (-122.459192 37.74817)
205,6739,KT,0,West Portal Station,34,37.740948,1209.2,-122.4658,745,10.78726708,0,0,37.740947,-122.4658,0,6.4,6.4,70.84,664.12,664.12,POINT (-122.4658 37.740947)
402,7058,KT,0,,35,,,,,10.51904762,0,0,37.740893,-122.465846,0,129,129,0.46,0.21,0.21,POINT (-122.465846 37.740893)
256,7125,KT,0,West Portal Ave & 14th Ave,36,37.738064,191.8,-122.46899,167.9,10.4739976,0,0,37.738064,-122.468984,0,203.93,203.93,30.94,9.1,9.1,POINT (-122.468984 37.738064)
174,6503,KT,0,West Portal/Sloat/St Francis Circle,37,37.73481,224.3,-122.47162,125.1,10.48139256,0,0,37.734807,-122.471618,0,130.07,130.07,31.773,14.66,14.66,POINT (-122.471618 37.734807)
255,7114,KT,0,Junipero Serra Blvd & Ocean Ave,38,37.731274,281,-122.47182,174.4,10.48045618,0,0,37.731271,-122.471818,0,262.28,262.28,29.036,6.64,6.64,POINT (-122.471818 37.731271)
139,5807,KT,0,Ocean Ave & San Leandro Way,39,37.729942,148.7,-122.469475,112.9,10.47980792,0,0,37.729945,-122.469475,0,172.37,172.37,18.802,6.54,6.54,POINT (-122.469475 37.729945)
127,5780,KT,0,Ocean Ave & Aptos Ave,40,37.728382,276.7,-122.46787,118.8,10.47923169,0,0,37.728383,-122.467871,0,158.2,158.2,16.541,6.27,6.27,POINT (-122.467871 37.728383)
130,5786,KT,0,Ocean Ave & Cerritos Ave,41,37.727253,132.3,-122.46676,41,10.47887155,0,0,37.727252,-122.46676,0,103.37,103.37,11.781,6.84,6.84,POINT (-122.46676 37.727252)
140,5808,KT,0,Ocean Ave & Victoria St,42,37.72603,255.5,-122.46433,90.1,10.47829532,0,0,37.726029,-122.464337,0,168.43,168.43,18.683,6.66,6.66,POINT (-122.464337 37.726029)
133,5793,KT,0,Ocean Ave & Jules Ave,43,37.724957,658.7,-122.461395,298.7,10.47765906,0,0,37.724955,-122.46139,0,188.28,188.28,21.182,6.75,6.75,POINT (-122.46139 37.724955)
137,5798,KT,0,Ocean Ave & Miramar Ave,44,37.724262,458.9,-122.458305,154.5,10.47719088,0,0,37.724262,-122.458306,0,185.9,185.9,20.944,6.76,6.76,POINT (-122.458306 37.724262)
135,5795,KT,0,Ocean Ave & Lee St,45,37.723454,810,-122.454216,121.9,10.47615846,0,0,37.723451,-122.454217,0,244.1,244.1,27.489,6.76,6.76,POINT (-122.454217 37.723451)
129,5785,KT,0,OCEAN AVE/CCSF Pedestrian Bridge,46,37.722946,431.8,-122.45087,10.3,10.47543818,0,0,37.722947,-122.450866,0,197.22,197.22,22.253,6.77,6.77,POINT (-122.450866 37.722947)
101,5418,KT,0,Balboa Park BART/Mezzanine Level,47,37.72181,637.4,-122.447426,28.9,10.47418968,1,0,37.721809,-122.447425,0,314.58,314.58,24.276,4.63,4.63,POINT (-122.447425 37.721809)
307,7778,KT,1,San Jose Ave & Geneva Ave,1,37.72124,14,-122.44622,608.4,16.35672043,0,1,37.721238,-122.446222,0,0,0,0,0,0,POINT (-122.446222 37.721238)
128,5784,KT,1,OCEAN AVE/CCSF Pedestrian Bridge,2,37.72304,25.1,-122.45145,285.5,16.3462043,0,0,37.72304,-122.451448,0,436.42,436.42,37.44,5.15,5.15,POINT (-122.451448 37.72304)
134,5794,KT,1,Ocean Ave & Lee St,3,37.72346,82.3,-122.454,945.9,16.34311201,0,0,37.723459,-122.453999,0,127.64,127.64,17.16,8.07,8.07,POINT (-122.453999 37.723459)
136,5797,KT,1,Ocean Ave & Miramar Ave,4,37.72439,141.3,-122.45808,436.3,16.33797491,0,0,37.724387,-122.458077,0,206.88,206.88,27.84,8.07,8.07,POINT (-122.458077 37.724387)
131,5787,KT,1,Ocean Ave & Dorado Ter,5,37.724957,242.4,-122.46106,660.1,16.33433244,0,0,37.724957,-122.461059,0,149.53,149.53,20.16,8.09,8.09,POINT (-122.461059 37.724957)
132,5788,KT,1,Ocean Ave & Fairfield Way,6,37.72601,70.6,-122.46407,383.2,16.33055376,0,0,37.726008,-122.464072,0,161.02,161.02,21.6,8.05,8.05,POINT (-122.464072 37.726008)
141,5809,KT,1,Ocean Ave & Westgate Dr,7,37.7272,49.7,-122.46648,157.5,16.3269086,0,0,37.727199,-122.46648,0,141.54,141.54,18.6,7.88,7.88,POINT (-122.46648 37.727199)
126,5779,KT,1,Ocean Ave & Aptos Ave,8,37.728283,219.1,-122.46756,141.7,16.32486111,0,0,37.728285,-122.467561,0,87.56,87.56,11.4,7.81,7.81,POINT (-122.467561 37.728285)
138,5806,KT,1,Ocean Ave & San Leandro Way,9,37.72999,192,-122.46909,111.2,16.32187993,0,0,37.729989,-122.469097,0,129.77,129.77,17.4,8.05,8.05,POINT (-122.469097 37.729989)
254,7113,KT,1,Junipero Serra Blvd & Ocean Ave,10,37.73163,154.8,-122.4717,248.8,16.31746237,0,0,37.731628,-122.471707,0,183.6,183.6,21.84,7.14,7.14,POINT (-122.471707 37.731628)
251,7109,KT,1,West Portal/Sloat/St Francis Circle,11,37.734825,135.9,-122.47145,364.1,16.3125448,0,0,37.734825,-122.471446,0,212.28,212.28,26.52,7.5,7.5,POINT (-122.471446 37.734825)
211,6898,KT,1,West Portal Ave & 14th Ave,12,37.73786,109.6,-122.46904,251.2,16.3085448,0,0,37.737859,-122.469042,0,189.73,189.73,29.64,9.37,9.37,POINT (-122.469042 37.737859)
403,7058,KT,1,,13,,,,,16.28379099,1,0,37.740893,-122.465846,0,207.27,207.27,32.76,9.48,9.48,POINT (-122.465846 37.740893)
208,6740,KT,1,West Portal Station,14,37.740948,424.5,-122.46575,1388.3,16.43561941,0,0,37.740947,-122.465754,0,218,218,0.714,0.2,0.2,POINT (-122.465754 37.740947)
118,5730,KT,1,Metro Forest Hill Station/Downtown,15,37.748352,186.8,-122.458626,981.7,16.43326647,0,0,37.748351,-122.458623,0,200.21,200.21,76.517,22.93,22.93,POINT (-122.458623 37.748351)
115,5728,KT,1,Metro Castro Station/Downtown,16,37.76262,285.7,-122.435234,1738.4,16.42721605,0,0,37.76262,-122.435231,0,514.79,514.79,192.185,22.4,22.4,POINT (-122.435231 37.76262)
107,5726,KT,1,Metro Church Station/Downtown,17,37.767193,320,-122.42917,680.3,16.4241068,0,0,37.767194,-122.429168,0,134,134,54.502,24.4,24.4,POINT (-122.429168 37.767194)
103,5419,KT,1,Metro Van Ness Station,18,37.775127,932.9,-122.41925,1167.6,16.41881269,0,0,37.775127,-122.419252,0,225,225,91.749,24.47,24.47,POINT (-122.419252 37.775127)
111,5727,KT,1,Metro Civic Center Station/Downtn,19,37.778545,1194.7,-122.41482,918.6,16.41561941,0,0,37.778542,-122.414813,0,115.23,115.23,40.222,20.94,20.94,POINT (-122.414813 37.778542)
97,5417,KT,1,Metro Powell Station/Downtown,20,37.7842,1684.4,-122.4077,1321.8,16.41024126,0,0,37.784199,-122.407695,0,187.96,187.96,65.569,20.93,20.93,POINT (-122.407695 37.784199)
122,5731,KT,1,Metro Montgomery Station/Downtown,21,37.788704,1147.3,-122.40193,1128.7,16.40603958,0,0,37.788702,-122.401925,0,151.5,151.5,52.717,20.88,20.88,POINT (-122.401925 37.788702)
219,6992,KT,1,Metro Embarcadero Station,22,37.793137,1654,-122.39643,2745.9,14.89953213,1,0,37.793134,-122.396431,0,151.3,151.3,51.051,20.24,20.24,POINT (-122.396431 37.793134)
47,4509,KT,1,The Embarcadero & Folsom St,24,37.79048,505.9,-122.389694,769.7,14.90645161,0,0,37.790481,-122.389692,0,453,453,53.56,7.09,7.09,POINT (-122.389692 37.790481)
45,4506,KT,1,The Embarcadero & Brannan St,25,37.78436,310.5,-122.38814,181.8,14.91275931,0,0,37.784359,-122.388138,0,425.24,425.24,56.03,7.91,7.91,POINT (-122.388138 37.784359)
90,5234,KT,1,King St & 2nd St,26,37.77972,1227.8,-122.38987,225.5,14.91745161,0,0,37.77972,-122.389872,0,326.44,326.44,43.42,7.98,7.98,POINT (-122.389872 37.77972)
297,7397,KT,1,4th St & King St,27,37.776253,1432,-122.394035,876.2,14.92183623,0,0,37.776252,-122.394036,0,306.14,306.14,42.9,8.41,8.41,POINT (-122.394036 37.776252)
283,7359,KT,1,Third Street & Mission Rock St,30,37.77283,400.9,-122.38972,164.4,10.8709009,0,0,37.772832,-122.389717,0,271.78,271.78,37.074,8.18,8.18,POINT (-122.389717 37.772832)
284,7360,KT,1,UCSF/Mission Bay,31,37.76854,860.1,-122.389275,134.1,10.86873874,0,0,37.76854,-122.389274,0,199.24,199.24,32.967,9.93,9.93,POINT (-122.389274 37.76854)
285,7361,KT,1,Third Street & Mariposa St,32,37.76424,441.5,-122.38886,86.4,10.86666667,0,0,37.764239,-122.388865,0,200.07,200.07,32.967,9.89,9.89,POINT (-122.388865 37.764239)
286,7362,KT,1,Third Street & 20th St,33,37.760376,590.5,-122.38856,408.9,14.89875931,0,0,37.760376,-122.388558,0,321.7,321.7,51.202,9.55,9.55,POINT (-122.388558 37.760376)
287,7363,KT,1,Third Street & 23rd St,34,37.755287,546.3,-122.388016,184.8,14.89945161,0,0,37.75529,-122.388012,0,230.07,230.07,45.76,11.93,11.93,POINT (-122.388012 37.75529)
405,7440,KT,1,,35,,,,,47.76774194,0,1,37.752871,-122.38688,0,22.23,22.23,3.382,9.13,9.13,POINT (-122.38688 37.752871)
288,7364,KT,1,Third Street & Marin St,36,37.74908,286.1,-122.38748,137.8,10.35181079,0,0,37.749079,-122.387479,0,286.7,286.7,50.787,10.63,10.63,POINT (-122.387479 37.749079)
289,7365,KT,1,Third Street & Evans Ave,37,37.74273,374.1,-122.38803,310.4,10.35181079,0,0,37.742727,-122.388034,0,297.63,297.63,53.997,10.89,10.89,POINT (-122.388034 37.742727)
290,7390,KT,1,Third Street/Hudson/Innes,38,37.739918,238.9,-122.3889,204.6,10.35181079,0,0,37.739916,-122.388907,0,131.43,131.43,24.6,11.23,11.23,POINT (-122.388907 37.739916)
291,7391,KT,1,Third Street/Kirkwood/La Salle,39,37.73764,410.9,-122.38971,234.7,10.35181079,0,0,37.737641,-122.389711,0,107.67,107.67,20.049,11.17,11.17,POINT (-122.389711 37.737641)
292,7392,KT,1,Third Street/Oakdale/Palou,40,37.734352,649.7,-122.390854,585,10.35181079,0,0,37.73435,-122.390859,0,159.27,159.27,29.028,10.94,10.94,POINT (-122.390859 37.73435)
293,7393,KT,1,Third Street/Revere/Shafter,41,37.73228,428.5,-122.39153,185.3,10.35181079,0,0,37.73228,-122.391536,0,108.39,108.39,18.081,10.01,10.01,POINT (-122.391536 37.73228)
274,7346,KT,1,Third Street & Williams Ave,42,37.729263,734.5,-122.39264,255.4,10.35181079,0,0,37.729264,-122.392638,0,161.25,161.25,26.691,9.93,9.93,POINT (-122.392638 37.729264)
272,7344,KT,1,Third Street & Carroll Ave,43,37.725464,229.4,-122.39426,79.8,10.35181079,0,0,37.725464,-122.394256,0,205.14,205.14,34.071,9.97,9.97,POINT (-122.394256 37.725464)
270,7342,KT,1,Third Street/Gilman/Paul,44,37.722412,635.4,-122.395645,143.5,10.35181079,0,0,37.722413,-122.395644,0,170.39,170.39,27.552,9.7,9.7,POINT (-122.395644 37.722413)
294,7394,KT,1,Third Street & Le Conte Ave,45,37.718826,336.5,-122.39749,124.4,10.35181079,0,0,37.718827,-122.397491,0,155.1,155.1,32.841,12.7,12.7,POINT (-122.397491 37.718827)
295,7395,KT,1,Bay Shore Blvd/Arleta/Blanken,46,37.712254,619.2,-122.40232,6.6,10.35181079,0,0,37.712253,-122.402316,0,322.5,322.5,64.575,12.01,12.01,POINT (-122.402316 37.712253)
296,7396,KT,1,Bay Shore Blvd & Sunnydale Ave,47,37.70897,182.5,-122.40511,,10.35181079,1,0,37.70897,-122.405113,0,167.4,167.4,33.579,12.04,12.04,POINT (-122.405113 37.70897)
264,7217,L,0,Metro Embarcadero Station,1,37.79315,1.7,-122.39643,1882.1,10.16805556,0,1,37.793152,-122.396431,0,0,0,0,0,0,POINT (-122.396431 37.793152)
228,6994,L,0,Metro Montgomery Station/Outbound,2,37.78879,134.7,-122.40213,1617.5,10.16805556,0,0,37.788791,-122.402127,0,159.28,159.28,51.96,19.57,19.57,POINT (-122.402127 37.788791)
233,6995,L,0,Metro Powell Station/Outbound,3,37.7843,446.6,-122.40782,2386.3,10.16805556,0,0,37.7843,-122.407822,0,164,164,52.68,19.27,19.27,POINT (-122.407822 37.7843)
243,6997,L,0,Metro Civic Center Station/Outbd,4,37.778675,585.6,-122.41499,1510.7,10.16805556,0,0,37.778675,-122.414995,0,205.76,205.76,66.24,19.32,19.32,POINT (-122.414995 37.778675)
238,6996,L,0,Van Ness Station Outbound,5,37.77523,1330.1,-122.41934,1488.8,10.16805556,0,0,37.775234,-122.41934,0,127.6,127.6,40.32,18.96,18.96,POINT (-122.41934 37.775234)
247,6998,L,0,Metro Church Station/Outbound,6,37.767326,1359.1,-122.42932,648.8,10.16805556,0,0,37.767327,-122.429321,0,163.02,163.02,92.64,34.1,34.1,POINT (-122.429321 37.767327)
216,6991,L,0,Metro Castro Station/Outbound,7,37.762684,2121.3,-122.43529,421.4,10.16805556,0,0,37.762683,-122.435289,0,97.98,97.98,54.96,33.66,33.66,POINT (-122.435289 37.762683)
224,6993,L,0,Forest Hill Station Outbound,8,37.74817,1356.3,-122.45919,376.3,10.16197222,0,0,37.74817,-122.459192,0,620.76,620.76,197.76,19.11,19.11,POINT (-122.459192 37.74817)
206,6739,L,0,West Portal Station,9,37.740948,1530.3,-122.4658,975.8,10.15972222,0,0,37.740947,-122.4658,0,231.24,231.24,73.92,19.18,19.18,POINT (-122.4658 37.740947)
406,7058,L,0,,10,,,,,10.23360656,0,1,37.740893,-122.465846,0,135,135,0.48,0.21,0.21,POINT (-122.465846 37.740893)
203,6736,L,0,Ulloa St & Forest Side Ave,11,37.741535,78.7,-122.468475,38.9,10.23508197,0,0,37.741535,-122.46847,0,121.56,121.56,18.3,9.03,9.03,POINT (-122.46847 37.741535)
3,3268,L,0,15th Ave & Ulloa St,12,37.741524,233.4,-122.47119,16.5,10.23672131,0,0,37.741525,-122.471192,0,125,125,18.178,8.73,8.73,POINT (-122.471192 37.741525)
1,3266,L,0,15th Ave & Taraval St,13,37.743122,313.8,-122.4713,119.6,10.23786885,0,0,37.743124,-122.471297,0,86.19,86.19,13.42,9.34,9.34,POINT (-122.471297 37.743124)
176,6614,L,0,Taraval St & 17th Ave,14,37.743202,510.2,-122.473434,114.6,10.23909836,0,0,37.743204,-122.473429,0,94.29,94.29,14.274,9.08,9.08,POINT (-122.473429 37.743204)
178,6616,L,0,Taraval St & 19th Ave,15,37.74311,841.7,-122.47544,337.7,10.24016393,0,0,37.74311,-122.475444,0,86.19,86.19,13.542,9.43,9.43,POINT (-122.475444 37.74311)
180,6618,L,0,Taraval St & 22nd Ave,16,37.74297,707.9,-122.47879,258.4,10.24180328,0,0,37.742967,-122.478791,0,149.49,149.49,22.448,9.01,9.01,POINT (-122.478791 37.742967)
182,6620,L,0,Taraval St & 23rd Ave,17,37.74287,359.2,-122.480446,187.9,10.24278689,0,0,37.742872,-122.48045,0,70.22,70.22,11.102,9.49,9.49,POINT (-122.48045 37.742872)
184,6622,L,0,Taraval St & 26th Ave,18,37.74278,484.8,-122.48307,189.1,10.24409836,0,0,37.74278,-122.483068,0,111.09,111.09,17.568,9.49,9.49,POINT (-122.483068 37.74278)
186,6624,L,0,Taraval St & 28th Ave,19,37.742683,450.2,-122.485214,63.2,10.2452459,0,0,37.742684,-122.485212,0,91.08,91.08,14.396,9.48,9.48,POINT (-122.485212 37.742684)
188,6626,L,0,Taraval St & 30th Ave,20,37.74259,502.3,-122.487335,53.8,10.24631148,0,0,37.74259,-122.487338,0,89.01,89.01,14.274,9.62,9.62,POINT (-122.487338 37.74259)
190,6628,L,0,Taraval St & 32nd Ave,21,37.74249,632.1,-122.48949,44.2,10.24737705,0,0,37.74249,-122.489489,0,91.08,91.08,14.396,9.48,9.48,POINT (-122.489489 37.74249)
192,6630,L,0,Taraval St & 35th Ave,22,37.74235,389.8,-122.49271,30.7,10.24918033,0,0,37.742354,-122.492708,0,136.92,136.92,21.594,9.46,9.46,POINT (-122.492708 37.742354)
201,6640,L,0,Taraval St & Sunset Blvd,23,37.742287,566.4,-122.49436,64.9,10.25,0,0,37.742287,-122.494361,0,77.37,77.37,11.102,8.61,8.61,POINT (-122.494361 37.742287)
194,6632,L,0,Taraval St & 40th Ave,24,37.742123,691.3,-122.498055,57.3,10.25180328,0,0,37.742124,-122.498055,0,172.41,172.41,24.766,8.62,8.62,POINT (-122.498055 37.742124)
196,6634,L,0,Taraval St & 42nd Ave,25,37.74202,397.2,-122.5002,20.9,10.25295082,0,0,37.742021,-122.500202,0,99.41,99.41,14.396,8.69,8.69,POINT (-122.500202 37.742021)
198,6636,L,0,Taraval St & 44th Ave,26,37.741924,380.3,-122.50234,8.4,10.25393443,0,0,37.741924,-122.502346,0,99.41,99.41,14.396,8.69,8.69,POINT (-122.502346 37.741924)
200,6638,L,0,Taraval St & 46th Ave,27,37.741825,493.6,-122.504486,6.9,10.25491803,0,0,37.741823,-122.50449,0,99.97,99.97,14.396,8.64,8.64,POINT (-122.50449 37.741823)
13,3600,L,0,46th Ave & Ulloa St,28,37.74,146.8,-122.50458,1.7,10.25598361,0,0,37.739998,-122.504579,0,110.94,110.94,15.372,8.31,8.31,POINT (-122.504579 37.739998)
15,3602,L,0,46th Ave & Vicente St,29,37.738144,256.1,-122.50444,4.3,10.25713115,0,0,37.738142,-122.50444,0,110.94,110.94,15.616,8.45,8.45,POINT (-122.50444 37.738142)
408,7869,L,0,,30,,,,,10.25819672,1,0,37.736991,-122.505413,0,124.3,124.3,11.712,5.65,5.65,POINT (-122.505413 37.736991)
213,6932,L,0,Wawona/46th Ave /SF Zoo,,37.736122,391.3,-122.50435,,,,,,,,,,,,,POINT (nan nan)
214,6932,L,1,Wawona/46th Ave /SF Zoo,1,37.736122,,-122.50435,614.1,17.34193989,0,1,37.736125,-122.504351,0,0,0,0,0,0,POINT (-122.504351 37.736125)
16,3603,L,1,46th Ave & Vicente St,2,37.737972,3.4,-122.50427,201.3,17.3384153,0,0,37.737973,-122.504268,0,90.88,90.88,15.616,10.31,10.31,POINT (-122.504268 37.737973)
14,3601,L,1,46th Ave & Ulloa St,3,37.739826,3.5,-122.50441,184.7,17.33480874,0,0,37.739829,-122.504407,0,89,89,15.616,10.53,10.53,POINT (-122.504407 37.739829)
12,3599,L,1,46th Ave & Taraval St,4,37.741684,17.6,-122.50454,487.8,17.33128415,0,0,37.741685,-122.504534,0,89,89,15.616,10.53,10.53,POINT (-122.504534 37.741685)
199,6637,L,1,Taraval St & 44th Ave,5,37.741802,14.2,-122.50261,363.4,17.3284153,0,0,37.741804,-122.502606,0,78.48,78.48,12.932,9.89,9.89,POINT (-122.502606 37.741804)
197,6635,L,1,Taraval St & 42nd Ave,6,37.7419,21.1,-122.500465,353.7,17.32546448,0,0,37.7419,-122.500461,0,79.04,79.04,14.396,10.93,10.93,POINT (-122.500461 37.7419)
195,6633,L,1,Taraval St & 40th Ave,7,37.741993,58.1,-122.49832,678.4,17.32243169,0,0,37.74199,-122.498316,0,79.04,79.04,14.396,10.93,10.93,POINT (-122.498316 37.74199)
202,6641,L,1,Taraval St & Sunset Blvd,8,37.742188,117.3,-122.494514,699.3,17.31734973,0,0,37.742188,-122.49451,0,147.78,147.78,25.498,10.35,10.35,POINT (-122.49451 37.742188)
193,6631,L,1,Taraval St & 35th Ave,9,37.742237,42.8,-122.49296,471.4,17.3154235,0,0,37.742235,-122.492961,0,66.13,66.13,10.37,9.41,9.41,POINT (-122.492961 37.742235)
191,6629,L,1,Taraval St & 32nd Ave,10,37.742355,71.2,-122.48975,631.9,17.3109153,0,0,37.742355,-122.489749,0,136.96,136.96,21.472,9.41,9.41,POINT (-122.489749 37.742355)
189,6627,L,1,Taraval St & 30th Ave,11,37.74246,71.9,-122.48762,381,17.30782104,0,0,37.742461,-122.487615,0,90.61,90.61,14.274,9.45,9.45,POINT (-122.487615 37.742461)
187,6625,L,1,Taraval St & 28th Ave,12,37.74254,59.4,-122.485466,421.4,17.30482923,0,0,37.74254,-122.485467,0,92.96,92.96,14.396,9.29,9.29,POINT (-122.485467 37.74254)
185,6623,L,1,Taraval St & 26th Ave,13,37.742653,69.2,-122.48333,422.4,17.30189891,0,0,37.742653,-122.483324,0,90.61,90.61,14.396,9.53,9.53,POINT (-122.483324 37.742653)
183,6621,L,1,Taraval St & 24th Ave,14,37.742737,107.2,-122.4812,472.1,17.29880464,0,0,37.742735,-122.481199,0,90.61,90.61,14.274,9.45,9.45,POINT (-122.481199 37.742735)
181,6619,L,1,Taraval St & 22nd Ave,15,37.74289,277.5,-122.478424,872.2,17.29480874,0,0,37.74289,-122.478426,0,128.16,128.16,18.544,8.68,8.68,POINT (-122.478426 37.74289)
179,6617,L,1,Taraval St & 19th Ave,16,37.742973,421,-122.47582,659.8,17.29628415,0,0,37.742971,-122.475821,0,124.04,124.04,17.446,8.44,8.44,POINT (-122.475821 37.742971)
177,6615,L,1,Taraval St & 17th Ave,17,37.74307,184.3,-122.47366,487.7,17.29743169,0,0,37.743068,-122.473705,0,100.09,100.09,14.152,8.48,8.48,POINT (-122.473705 37.743068)
2,3267,L,1,15th Ave & Taraval St,18,37.74307,92.3,-122.471405,240.7,17.29874317,0,0,37.743069,-122.471405,0,122.91,122.91,15.372,7.5,7.5,POINT (-122.471405 37.743069)
4,3269,L,1,15th Ave & Ulloa St,19,37.741486,23.3,-122.4713,90.4,17.29989071,0,0,37.741484,-122.4713,0,96.43,96.43,13.298,8.27,8.27,POINT (-122.4713 37.741484)
204,6737,L,1,Ulloa St & Forest Side Ave,20,37.741436,34.4,-122.4688,48.7,17.30120219,0,0,37.741435,-122.4688,0,122.91,122.91,16.714,8.16,8.16,POINT (-122.4688 37.741435)
407,7058,L,1,,21,,,,,17.30300546,0,0,37.740893,-122.465846,0,156.62,156.62,20.252,7.76,7.76,POINT (-122.465846 37.740893)
209,6740,L,1,West Portal Station,22,37.740948,734.8,-122.46575,1237.3,10.07838983,0,0,37.740947,-122.465754,0,218,218,0.708,0.19,0.19,POINT (-122.465754 37.740947)
119,5730,L,1,Metro Forest Hill Station/Downtown,23,37.748352,353.6,-122.458626,895.2,10.07838983,0,0,37.748351,-122.458623,0,198.24,198.24,75.874,22.96,22.96,POINT (-122.458623 37.748351)
116,5728,L,1,Metro Castro Station/Downtown,24,37.76262,448.4,-122.435234,1535.2,10.07838983,0,0,37.76262,-122.435231,0,509.76,509.76,190.57,22.43,22.43,POINT (-122.435231 37.76262)
108,5726,L,1,Metro Church Station/Downtown,25,37.767193,584.1,-122.42917,856.2,10.07838983,0,0,37.767194,-122.429168,0,132.16,132.16,54.044,24.54,24.54,POINT (-122.429168 37.767194)
104,5419,L,1,Metro Van Ness Station,26,37.775127,1431.8,-122.41925,1122.4,10.07838983,0,0,37.775127,-122.419252,0,221.84,221.84,90.978,24.61,24.61,POINT (-122.419252 37.775127)
112,5727,L,1,Metro Civic Center Station/Downtn,27,37.778545,1662.6,-122.41482,512.1,10.07838983,0,0,37.778542,-122.414813,0,113.7,113.7,39.884,21.05,21.05,POINT (-122.414813 37.778542)
98,5417,L,1,Metro Powell Station/Downtown,28,37.7842,2648.1,-122.4077,433.8,10.07838983,0,0,37.784199,-122.407695,0,187.66,187.66,65.018,20.79,20.79,POINT (-122.407695 37.784199)
123,5731,L,1,Metro Montgomery Station/Downtown,29,37.788704,1743.4,-122.40193,187.4,10.07838983,0,0,37.788702,-122.401925,0,149.5,149.5,52.274,20.98,20.98,POINT (-122.401925 37.788702)
220,6992,L,1,Metro Embarcadero Station,30,37.793137,1308.9,-122.39643,,10.07838983,1,0,37.793134,-122.396431,0,147.14,147.14,50.622,20.64,20.64,POINT (-122.396431 37.793134)
265,7217,M,0,Metro Embarcadero Station,2,37.79315,26,-122.39643,1471.7,11.46792453,0,1,37.793152,-122.396431,0,0,0,0,0,0,POINT (-122.396431 37.793152)
229,6994,M,0,Metro Montgomery Station/Outbound,3,37.78879,136.5,-122.40213,1094.6,11.46792453,0,0,37.788791,-122.402127,0,140.59,140.59,45.898,19.59,19.59,POINT (-122.402127 37.788791)
234,6995,M,0,Metro Powell Station/Outbound,4,37.7843,349,-122.40782,2920.5,11.46792453,0,0,37.7843,-122.407822,0,144.75,144.75,46.534,19.29,19.29,POINT (-122.407822 37.7843)
244,6997,M,0,Metro Civic Center Station/Outbd,5,37.778675,501.7,-122.41499,1432.2,11.46792453,0,0,37.778675,-122.414995,0,181.61,181.61,58.512,19.33,19.33,POINT (-122.414995 37.778675)
239,6996,M,0,Van Ness Station Outbound,6,37.77523,1004.8,-122.41934,1258.6,11.46792453,0,0,37.775234,-122.41934,0,112.62,112.62,35.616,18.97,18.97,POINT (-122.41934 37.775234)
248,6998,M,0,Metro Church Station/Outbound,7,37.767326,1168.5,-122.42932,627.9,11.46792453,0,0,37.767327,-122.429321,0,143.66,143.66,81.832,34.18,34.18,POINT (-122.429321 37.767327)
217,6991,M,0,Metro Castro Station/Outbound,8,37.762684,1612.2,-122.43529,438.8,11.46792453,0,0,37.762683,-122.435289,0,86.34,86.34,48.548,33.74,33.74,POINT (-122.435289 37.762683)
225,6993,M,0,Forest Hill Station Outbound,9,37.74817,888.1,-122.45919,358,11.46792453,0,0,37.74817,-122.459192,0,550.09,550.09,174.688,19.05,19.05,POINT (-122.459192 37.74817)
207,6739,M,0,West Portal Station,10,37.740948,1362.6,-122.4658,662.6,11.46792453,0,0,37.740947,-122.4658,0,204.91,204.91,65.296,19.12,19.12,POINT (-122.4658 37.740947)
410,7058,M,0,,11,,,,,11.46792453,0,0,37.740893,-122.465846,0,119,119,0.424,0.21,0.21,POINT (-122.465846 37.740893)
257,7125,M,0,West Portal Ave & 14th Ave,12,37.738064,185,-122.46899,153.9,11.46792453,0,0,37.738064,-122.468984,0,146.32,146.32,27.56,11.3,11.3,POINT (-122.468984 37.738064)
175,6503,M,0,West Portal/Sloat/St Francis Circle,13,37.73481,278.8,-122.47162,166.2,11.46792453,0,0,37.734807,-122.471618,0,152.68,152.68,28.302,11.12,11.12,POINT (-122.471618 37.734807)
157,6223,M,0,Right Of Way/Ocean Ave,15,37.732025,243.3,-122.47372,94.7,11.46792453,0,0,37.732022,-122.473719,0,114.52,114.52,23.744,12.44,12.44,POINT (-122.473719 37.732022)
153,6219,M,0,Right Of Way/Eucalyptus Dr,16,37.731194,355.4,-122.47435,89.3,11.46792453,0,0,37.73119,-122.47435,0,39.53,39.53,7.102,10.78,10.78,POINT (-122.47435 37.73119)
9,3403,M,0,19th Ave & Winston Dr,17,37.727016,1213.4,-122.47494,544.3,11.46792453,0,0,37.727017,-122.474937,0,181.68,181.68,30.74,10.15,10.15,POINT (-122.474937 37.727017)
5,3358,M,0,19th Ave & Holloway Ave,18,37.721073,2115.6,-122.475235,680.3,11.46792453,0,0,37.721074,-122.475233,0,259.27,259.27,43.46,10.06,10.06,POINT (-122.475233 37.721074)
7,3376,M,0,19th Ave & Randolph St,19,37.7162,729.3,-122.47167,225.1,11.46792453,0,0,37.7162,-122.47167,0,244.61,244.61,41.234,10.11,10.11,POINT (-122.47167 37.7162)
409,3387,M,0,,20,,,,,11.46792453,0,0,37.714443,-122.469998,0,93.35,93.35,16.112,10.36,10.36,POINT (-122.469998 37.714443)
144,6173,M,0,Randolph St & Arch St,21,37.7142,345.8,-122.46722,77.3,11.46792453,0,0,37.714201,-122.467218,0,96.34,96.34,16.218,10.1,10.1,POINT (-122.467218 37.714201)
146,6175,M,0,Randolph St & Bright St,22,37.71424,478.5,-122.46361,132.8,11.46792453,0,0,37.71424,-122.46361,0,120.25,120.25,20.988,10.47,10.47,POINT (-122.46361 37.71424)
142,5825,M,0,Orizaba Ave & Broad St,23,37.71333,195.1,-122.462585,127.7,11.46792453,0,0,37.713328,-122.462585,0,77.06,77.06,8.904,6.93,6.93,POINT (-122.462585 37.713328)
18,3716,M,0,Broad St & Capitol Ave,24,37.713154,390.5,-122.45916,172.9,11.46792453,0,0,37.713152,-122.459159,0,121.15,121.15,19.928,9.87,9.87,POINT (-122.459159 37.713152)
21,3719,M,0,Broad St & Plymouth Ave,25,37.71316,442,-122.45618,229.1,11.46792453,0,0,37.713161,-122.45618,0,105.37,105.37,17.278,9.84,9.84,POINT (-122.45618 37.713161)
160,6259,M,0,San Jose Ave & Farallones St,26,37.714073,122.5,-122.45208,71.6,11.46481132,0,0,37.71407,-122.45208,0,124.28,124.28,24.698,11.92,11.92,POINT (-122.45208 37.71407)
163,6266,M,0,San Jose Ave & Lakeview Ave,27,37.716084,110.1,-122.45043,44.9,11.46254717,0,0,37.716083,-122.450435,0,84.82,84.82,17.596,12.45,12.45,POINT (-122.450435 37.716083)
164,6268,M,0,San Jose Ave & Mt Vernon Ave,28,37.718285,276.1,-122.44859,24.6,11.46018868,0,0,37.718284,-122.448593,0,94.5,94.5,19.292,12.25,12.25,POINT (-122.448593 37.718284)
165,6269,M,0,San Jose Ave & Niagra Ave,29,37.71951,766.6,-122.44746,2.4,11.45849057,1,0,37.719507,-122.447459,0,74.4,74.4,11.13,8.98,8.98,POINT (-122.447459 37.719507)
161,6262,M,1,San Jose Ave & Geneva Ave,1,37.72001,7.1,-122.44718,1311.5,11.44339623,0,1,37.720462,-122.446887,0,0,0,0,0,0,POINT (-122.446887 37.720462)
253,7111,M,1,San Jose Ave & Mt Vernon Ave,2,37.71847,49,-122.44864,85.6,11.44556604,0,0,37.71847,-122.44864,0,92.87,92.87,17.808,11.51,11.51,POINT (-122.44864 37.71847)
162,6265,M,1,San Jose Ave & Lakeview Ave,3,37.71626,176.9,-122.45033,142.4,11.44783019,0,0,37.71626,-122.450334,0,96.05,96.05,18.868,11.79,11.79,POINT (-122.450334 37.71626)
159,6257,M,1,San Jose Ave & Farallones St,4,37.714153,43.8,-122.45214,58.5,11.45,0,0,37.714153,-122.452148,0,96.05,96.05,18.656,11.65,11.65,POINT (-122.452148 37.714153)
20,3718,M,1,Broad St & Plymouth Ave,5,37.713223,218.7,-122.455925,401.3,11.45283019,0,0,37.713222,-122.455927,0,127.08,127.08,23.002,10.86,10.86,POINT (-122.455927 37.713222)
17,3715,M,1,Broad St & Capitol Ave,6,37.713192,201.8,-122.45892,337.1,11.45226415,0,0,37.713191,-122.458921,0,102.13,102.13,17.384,10.21,10.21,POINT (-122.458921 37.713191)
19,3717,M,1,Broad St & Orizaba Ave,7,37.713177,90.2,-122.462326,218.7,11.4515566,0,0,37.713178,-122.462331,0,116.34,116.34,19.822,10.22,10.22,POINT (-122.462331 37.713178)
145,6174,M,1,Randolph St & Bright St,8,37.714348,141.2,-122.463394,426.1,11.45108491,0,0,37.714348,-122.463392,0,85.92,85.92,10.494,7.33,7.33,POINT (-122.463392 37.714348)
143,6172,M,1,Randolph St & Arch St,9,37.714344,48.9,-122.46699,503.4,11.45033019,0,0,37.714342,-122.466982,0,121.95,121.95,20.882,10.27,10.27,POINT (-122.466982 37.714342)
8,3385,M,1,19th Ave & Randolph St,10,37.71428,63.7,-122.46962,293.4,11.44985849,0,0,37.714282,-122.469618,0,89.1,89.1,15.264,10.28,10.28,POINT (-122.469618 37.714282)
6,3361,M,1,19th Ave & Junipero Serra Blvd,11,37.71689,134.4,-122.472275,489.8,11.44900943,0,0,37.716889,-122.472275,0,148.41,148.41,24.486,9.9,9.9,POINT (-122.472275 37.716889)
249,7065,M,1,19th Ave & Holloway Ave,12,37.721245,996.9,-122.4751,1527.5,11.44811321,0,0,37.721244,-122.475096,0,227.27,227.27,35.828,9.46,9.46,POINT (-122.475096 37.721244)
305,7449,M,1,19th Ave & Winston Dr,13,37.727196,338.1,-122.474846,1167.4,11.44811321,0,0,37.727195,-122.474846,0,318.5,318.5,43.566,8.21,8.21,POINT (-122.474846 37.727195)
154,6220,M,1,Right Of Way/Eucalyptus Dr,14,37.730988,114.2,-122.474365,442.1,11.44811321,0,0,37.730987,-122.474366,0,207.65,207.65,27.878,8.06,8.06,POINT (-122.474366 37.730987)
158,6224,M,1,Right Of Way/Ocean Ave,15,37.731808,74.4,-122.473816,220.2,11.44811321,0,0,37.731808,-122.473815,0,49.31,49.31,6.784,8.25,8.25,POINT (-122.473815 37.731808)
252,7109,M,1,West Portal/Sloat/St Francis Circle,17,37.734825,154.3,-122.47145,284.6,11.44811321,0,0,37.734825,-122.471446,0,163.64,163.64,25.97,9.52,9.52,POINT (-122.471446 37.734825)
212,6898,M,1,West Portal Ave & 14th Ave,18,37.73786,203.2,-122.46904,205.5,11.44811321,0,0,37.737859,-122.469042,0,341.75,341.75,26.182,4.6,4.6,POINT (-122.469042 37.737859)
411,7058,M,1,,19,,,,,11.44811321,1,0,37.740893,-122.465846,0,9.25,9.25,28.938,187.71,187.71,POINT (-122.465846 37.740893)
210,6740,M,1,West Portal Station,20,37.740948,489.8,-122.46575,1239.4,11.3952381,0,0,37.740947,-122.465754,0,193,193,0.63,0.2,0.2,POINT (-122.465754 37.740947)
120,5730,M,1,Metro Forest Hill Station/Downtown,21,37.748352,392.3,-122.458626,852.8,11.3952381,0,0,37.748351,-122.458623,0,176.4,176.4,67.515,22.96,22.96,POINT (-122.458623 37.748351)
117,5728,M,1,Metro Castro Station/Downtown,22,37.76262,706.8,-122.435234,1479.4,11.3952381,0,0,37.76262,-122.435231,0,453.6,453.6,169.575,22.43,22.43,POINT (-122.435231 37.76262)
109,5726,M,1,Metro Church Station/Downtown,23,37.767193,680.3,-122.42917,751.7,11.3952381,0,0,37.767194,-122.429168,0,117.6,117.6,48.09,24.54,24.54,POINT (-122.429168 37.767194)
105,5419,M,1,Metro Van Ness Station,24,37.775127,1197.5,-122.41925,1070.5,11.3952381,0,0,37.775127,-122.419252,0,197.4,197.4,80.955,24.61,24.61,POINT (-122.419252 37.775127)
113,5727,M,1,Metro Civic Center Station/Downtn,25,37.778545,1496.5,-122.41482,529.4,11.3952381,0,0,37.778542,-122.414813,0,101.15,101.15,35.49,21.05,21.05,POINT (-122.414813 37.778542)
99,5417,M,1,Metro Powell Station/Downtown,26,37.7842,2360.8,-122.4077,498.5,11.3952381,0,0,37.784199,-122.407695,0,166.95,166.95,57.855,20.79,20.79,POINT (-122.407695 37.784199)
124,5731,M,1,Metro Montgomery Station/Downtown,27,37.788704,1727.6,-122.40193,146.8,11.3952381,0,0,37.788702,-122.401925,0,133,133,46.515,20.98,20.98,POINT (-122.401925 37.788702)
221,6992,M,1,Metro Embarcadero Station,28,37.793137,2226.6,-122.39643,,11.3952381,1,0,37.793134,-122.396431,0,130.9,130.9,45.045,20.65,20.65,POINT (-122.396431 37.793134)
95,5240,N,0,King St & 4th St,2,37.776268,5.7,-122.39408,2736.8,9.184680451,0,1,37.776269,-122.394082,0,0,0,0,0,0,POINT (-122.394082 37.776269)
93,5237,N,0,King St & 2nd St,3,37.77962,38.4,-122.389824,1325.9,9.185021147,0,0,37.779621,-122.389824,0,258.44,258.44,43.624,10.13,10.13,POINT (-122.389824 37.779621)
259,7145,N,0,The Embarcadero & Brannan St,4,37.78463,109.4,-122.38798,488.4,9.185253759,0,0,37.784627,-122.387977,0,297.14,297.14,47.88,9.67,9.67,POINT (-122.387977 37.784627)
50,4510,N,0,The Embarcadero & Folsom St,5,37.79075,620.2,-122.38984,903.6,9.185385338,0,0,37.790749,-122.389841,0,366.88,366.88,57.722,9.44,9.44,POINT (-122.389841 37.790749)
266,7217,N,0,Metro Embarcadero Station,8,37.79315,1840.7,-122.39643,2296.8,9.125233209,0,0,37.793152,-122.396431,0,636,636,52.801,4.98,4.98,POINT (-122.396431 37.793152)
230,6994,N,0,Metro Montgomery Station/Outbound,9,37.78879,646.2,-122.40213,1591.8,9.123120301,0,0,37.788791,-122.402127,0,176.79,176.79,57.589,19.54,19.54,POINT (-122.402127 37.788791)
235,6995,N,0,Metro Powell Station/Outbound,10,37.7843,680.7,-122.40782,3168.1,9.123120301,0,0,37.7843,-122.407822,0,178.09,178.09,58.387,19.67,19.67,POINT (-122.407822 37.7843)
245,6997,N,0,Metro Civic Center Station/Outbd,11,37.778675,732.2,-122.41499,1831.6,9.123120301,0,0,37.778675,-122.414995,0,226.21,226.21,73.416,19.47,19.47,POINT (-122.414995 37.778675)
240,6996,N,0,Van Ness Station Outbound,12,37.77523,1336.6,-122.41934,1367.6,9.123120301,0,0,37.775234,-122.41934,0,141.91,141.91,44.688,18.89,18.89,POINT (-122.41934 37.775234)
43,4447,N,0,Duboce Ave & Church St,14,37.76947,1380,-122.429405,1292.3,8.955862978,0,1,37.769472,-122.429408,0,408.31,408.31,90.307,13.27,13.27,POINT (-122.429408 37.769472)
267,7252,N,0,Duboce St/Noe St/Duboce Park,15,37.76939,1068.8,-122.43369,391,8.956225296,0,0,37.769392,-122.433694,0,157.16,157.16,32.43,12.38,12.38,POINT (-122.433694 37.769392)
22,3909,N,0,Carl St & Cole St,16,37.765865,1857.8,-122.44981,306.5,8.955862978,0,0,37.765863,-122.449804,0,584.69,584.69,126.27,12.96,12.96,POINT (-122.449804 37.765863)
26,3914,N,0,Carl St & Stanyan St,17,37.765495,729.1,-122.45259,78.9,8.955862978,0,0,37.765495,-122.45259,0,96.34,96.34,21.39,13.32,13.32,POINT (-122.45259 37.765495)
24,3912,N,0,Carl St & Hillway Ave,18,37.765003,510.9,-122.45656,93.2,8.955862978,0,0,37.765003,-122.456561,0,144.52,144.52,30.36,12.6,12.6,POINT (-122.456561 37.765003)
53,5118,N,0,Irving St & 2nd Ave,19,37.76444,1325.6,-122.45864,358.3,8.955862978,0,0,37.764441,-122.458643,0,145.51,145.51,16.56,6.83,6.83,POINT (-122.458643 37.764441)
54,5119,N,0,Irving St & 4th Ave,20,37.7643,358.6,-122.46082,92.7,8.955862978,0,0,37.764299,-122.460824,0,124.9,124.9,16.56,7.96,7.96,POINT (-122.460824 37.764299)
56,5121,N,0,Irving St & 7th Ave,21,37.764156,688.2,-122.464035,105.1,8.955862978,0,0,37.764155,-122.464034,0,184.16,184.16,24.288,7.91,7.91,POINT (-122.464034 37.764155)
58,5123,N,0,Irving St & 9th Ave,22,37.764103,1204.8,-122.46617,375.3,8.955862978,0,0,37.764106,-122.466165,0,121.96,121.96,16.146,7.94,7.94,POINT (-122.466165 37.764106)
60,5193,N,0,Judah St & 9th Ave,23,37.762226,558,-122.46669,504.2,8.955862978,0,0,37.762227,-122.466688,0,175.15,175.15,18.354,6.29,6.29,POINT (-122.466688 37.762227)
62,5195,N,0,Judah St & 12th Ave,24,37.76207,277,-122.46933,162.7,8.955862978,0,0,37.762069,-122.469324,0,151.97,151.97,20.01,7.9,7.9,POINT (-122.469324 37.762069)
84,5219,N,0,Judah St & Funston Ave,25,37.762077,270.9,-122.47033,60.7,8.955862978,0,0,37.762075,-122.470329,0,56.84,56.84,7.59,8.01,8.01,POINT (-122.470329 37.762075)
65,5198,N,0,Judah St & 16th Ave,26,37.761913,597.8,-122.473785,69.6,8.955862978,0,0,37.761913,-122.473781,0,198.21,198.21,26.082,7.9,7.9,POINT (-122.473781 37.761913)
66,5199,N,0,Judah St & 19th Ave,27,37.761745,1315.1,-122.47692,344.1,8.955862978,0,0,37.761743,-122.476921,0,190.51,190.51,23.736,7.48,7.48,POINT (-122.476921 37.761743)
69,5202,N,0,Judah St & 23rd Ave,28,37.761547,639.6,-122.48117,160.5,8.955862978,0,0,37.761547,-122.481164,0,174.2,174.2,32.154,11.07,11.07,POINT (-122.481164 37.761547)
70,5203,N,0,Judah St & 25th Ave,29,37.76145,493.6,-122.4833,166.7,8.955862978,0,0,37.761452,-122.4833,0,86.96,86.96,16.146,11.14,11.14,POINT (-122.4833 37.761452)
72,5205,N,0,Judah St & 28th Ave,30,37.76131,439.7,-122.48651,57.3,8.955862978,0,0,37.76131,-122.48651,0,131.41,131.41,24.288,11.09,11.09,POINT (-122.48651 37.76131)
74,5207,N,0,Judah St & 31st Ave,31,37.761173,598.7,-122.48972,58.2,8.955862978,0,0,37.761172,-122.489719,0,131.41,131.41,24.288,11.09,11.09,POINT (-122.489719 37.761172)
76,5209,N,0,Judah St & 34th Ave,32,37.76103,372.5,-122.49293,61.9,8.955862978,0,0,37.761028,-122.49293,0,131.41,131.41,24.288,11.09,11.09,POINT (-122.49293 37.761028)
88,5224,N,0,Judah St & Sunset Blvd,33,37.760918,613.5,-122.49567,122.4,8.955862978,0,0,37.760917,-122.495668,0,118.44,118.44,20.7,10.49,10.49,POINT (-122.495668 37.760917)
78,5211,N,0,Judah St & 40th Ave,34,37.760742,545.9,-122.49936,21.4,8.953833992,0,0,37.760743,-122.499359,0,204.04,204.04,27.876,8.2,8.2,POINT (-122.499359 37.760743)
80,5213,N,0,Judah St & 43rd Ave,35,37.7606,526.8,-122.50258,24.3,8.952022398,0,0,37.760598,-122.502574,0,176.16,176.16,24.288,8.27,8.27,POINT (-122.502574 37.760598)
82,5215,N,0,Judah St & 46th Ave,36,37.76049,790.7,-122.50583,20.1,8.950210804,0,0,37.760493,-122.505832,0,179.23,179.23,24.702,8.27,8.27,POINT (-122.505832 37.760493)
412,7219,N,0,,37,,,,,8.948616601,1,0,37.760349,-122.508685,0,187.52,187.52,21.666,6.93,6.93,POINT (-122.508685 37.760349)
86,5221,N,0,Judah/La Playa/Ocean Beach,,37.760365,518.7,-122.50901,,,,,,,,,,,,,POINT (nan nan)
87,5223,N,1,Judah/La Playa/Ocean Beach,1,37.760303,,-122.50819,720.4,21.93873518,0,1,37.760304,-122.508181,0,0,0,0,0,0,POINT (-122.508181 37.760304)
83,5216,N,1,Judah St & 46th Ave,2,37.76039,47.7,-122.506065,758.6,21.93423364,0,0,37.760392,-122.506064,0,121.8,121.8,16.008,7.89,7.89,POINT (-122.506064 37.760392)
81,5214,N,1,Judah St & 43rd Ave,3,37.76052,31.8,-122.50284,575.2,21.92912824,0,0,37.760518,-122.502839,0,140.49,140.49,24.426,10.43,10.43,POINT (-122.502839 37.760518)
79,5212,N,1,Judah St & 40th Ave,4,37.76068,30.3,-122.49915,553.3,21.92341019,0,0,37.760679,-122.499154,0,160.45,160.45,27.876,10.42,10.42,POINT (-122.499154 37.760679)
89,5225,N,1,Judah St & Sunset Blvd,5,37.760845,99.1,-122.49581,501.8,21.91831357,0,0,37.760845,-122.495805,0,150.17,150.17,25.392,10.15,10.15,POINT (-122.495805 37.760845)
77,5210,N,1,Judah St & 34th Ave,6,37.760956,27.1,-122.4932,499.7,21.91348265,0,0,37.760955,-122.493199,0,123.25,123.25,19.734,9.61,9.61,POINT (-122.493199 37.760955)
75,5208,N,1,Judah St & 31st Ave,7,37.761105,62.7,-122.4895,654.2,21.90671937,0,0,37.761105,-122.4895,0,175.44,175.44,28.014,9.58,9.58,POINT (-122.4895 37.761105)
73,5206,N,1,Judah St & 28th Ave,8,37.76123,49.9,-122.48676,921.4,21.90200922,0,0,37.761232,-122.486763,0,129.62,129.62,20.7,9.58,9.58,POINT (-122.486763 37.761232)
71,5204,N,1,Judah St & 25th Ave,9,37.76137,158.7,-122.48356,874.3,21.89609135,0,0,37.761373,-122.48356,0,152.21,152.21,24.288,9.57,9.57,POINT (-122.48356 37.761373)
68,5201,N,1,Judah St & 22nd Ave,10,37.761536,195.5,-122.47986,908,21.88932806,0,0,37.761534,-122.479855,0,175.44,175.44,28.014,9.58,9.58,POINT (-122.479855 37.761534)
67,5200,N,1,Judah St & 19th Ave,11,37.761658,431.9,-122.477196,1275.1,21.88449715,0,0,37.761655,-122.477194,0,134.93,134.93,20.148,8.96,8.96,POINT (-122.477194 37.761655)
64,5197,N,1,Judah St & 15th Ave,12,37.76185,81,-122.47278,538.6,21.87442468,0,0,37.761848,-122.472777,0,244.34,244.34,33.396,8.2,8.2,POINT (-122.472777 37.761848)
85,5220,N,1,Judah St & Funston Ave,13,37.76195,446.8,-122.47057,278.2,21.86915898,0,0,37.76195,-122.470572,0,122.48,122.48,16.698,8.18,8.18,POINT (-122.470572 37.76195)
63,5196,N,1,Judah St & 12th Ave,14,37.76199,341.1,-122.46953,298.5,21.86659859,0,0,37.761988,-122.469526,0,56.66,56.66,7.866,8.33,8.33,POINT (-122.469526 37.761988)
61,5194,N,1,Judah St & 9th Ave,15,37.76214,601,-122.46631,546.5,21.85889328,0,0,37.762139,-122.466312,0,178.12,178.12,24.288,8.18,8.18,POINT (-122.466312 37.762139)
0,3212,N,1,9th Ave & Irving St,16,37.763912,292.4,-122.46624,1046.3,21.85333773,0,0,37.763913,-122.466241,0,132,132,16.836,7.65,7.65,POINT (-122.466241 37.763913)
57,5122,N,1,Irving St & 7th Ave,17,37.76409,138.3,-122.46428,744.1,21.84814449,0,0,37.764092,-122.464282,0,121.12,121.12,14.904,7.38,7.38,POINT (-122.464282 37.764092)
55,5120,N,1,Irving St & 4th Ave,18,37.764225,99.4,-122.46107,567.5,21.84070487,0,0,37.764226,-122.461061,0,178.34,178.34,24.426,8.22,8.22,POINT (-122.461061 37.764226)
59,5124,N,1,Irving St & Arguello Blvd,19,37.764366,612.3,-122.45802,1460,21.83360343,0,0,37.764366,-122.458024,0,167.76,167.76,23.046,8.24,8.24,POINT (-122.458024 37.764366)
25,3913,N,1,Carl St & Hillway Ave,20,37.76493,74.6,-122.45651,493,21.82894159,0,0,37.764932,-122.456512,0,119.19,119.19,12.696,6.39,6.39,POINT (-122.456512 37.764932)
27,3915,N,1,Carl St & Stanyan St,21,37.765373,116.2,-122.45293,896.3,21.82534256,0,0,37.765371,-122.452928,0,141.57,141.57,27.462,11.64,11.64,POINT (-122.452928 37.765371)
23,3911,N,1,Carl St & Cole St,22,37.765743,294.5,-122.45013,1875.7,21.82268555,0,0,37.765745,-122.450131,0,111.4,111.4,21.39,11.52,11.52,POINT (-122.450131 37.765745)
269,7318,N,1,Sunset Tunnel East Portal,23,37.769135,476,-122.433075,922.3,21.80597058,0,0,37.769134,-122.433076,0,703.2,703.2,132.756,11.33,11.33,POINT (-122.433076 37.769134)
44,4448,N,1,Duboce Ave & Church St,24,37.76941,1080.6,-122.4294,1135.1,21.80261309,0,0,37.769409,-122.4294,0,142.55,142.55,27.876,11.73,11.73,POINT (-122.4294 37.769409)
106,5419,N,1,Metro Van Ness Station,27,37.775127,1553.3,-122.41925,1520.7,15.49380324,0,0,37.775127,-122.419252,0,538.82,538.82,89.211,9.93,9.93,POINT (-122.419252 37.775127)
114,5727,N,1,Metro Civic Center Station/Downtn,28,37.778545,2760.6,-122.41482,916.7,15.4938961,0,0,37.778542,-122.414813,0,127.38,127.38,44.616,21.02,21.02,POINT (-122.414813 37.778542)
100,5417,N,1,Metro Powell Station/Downtown,29,37.7842,2975.5,-122.4077,829.6,15.49405251,0,0,37.784199,-122.407695,0,207.79,207.79,72.732,21,21,POINT (-122.407695 37.784199)
125,5731,N,1,Metro Montgomery Station/Downtown,30,37.788704,840.7,-122.40193,859.5,15.4941747,0,0,37.788702,-122.401925,0,167.5,167.5,58.476,20.95,20.95,POINT (-122.401925 37.788702)
222,6992,N,1,Metro Embarcadero Station,31,37.793137,1546.1,-122.39643,1603.9,15.494292,0,0,37.793134,-122.396431,0,167.32,167.32,56.628,20.31,20.31,POINT (-122.396431 37.793134)
48,4509,N,1,The Embarcadero & Folsom St,32.5,37.79048,955.9,-122.389694,570.7,15.49478076,0,0.5,37.790481,-122.389692,0,238.5,238.5,27.192,3.42,3.42,POINT (-122.389692 37.790481)
46,4506,N,1,The Embarcadero & Brannan St,34,37.78436,502,-122.38814,59.4,15.55411434,0,0,37.784359,-122.388138,0,384.72,384.72,57.323,8.94,8.94,POINT (-122.388138 37.784359)
91,5234,N,1,King St & 2nd St,35,37.77972,1489.3,-122.38987,32.1,15.54844888,0,0,37.77972,-122.389872,0,295.81,295.81,44.422,9.01,9.01,POINT (-122.389872 37.77972)
94,5239,N,1,King St & 4th St,36,37.776268,2227.3,-122.39417,22.1,15.54309003,1,0,37.776269,-122.394173,0,280.55,280.55,44.555,9.53,9.53,POINT (-122.394173 37.776269)
413,7440,N,1,,38,,,,,59.50588235,1,0,37.752871,-122.38688,0,153,153,28.254,11.08,11.08,POINT (-122.38688 37.752871)
